,,,
100% Grill,ул. Битоля 22,42.5067975,27.4661185
100% PIZZA,"НДК, подлез Хилтън",42.68254172,23.32055779
100 Риби,ул. Съединение 176,42.1289466,24.78146022
24 Grill,бул. Цариградко шосе 14 ъгъла на Атанас Делчев,42.67459488,23.35936356
2day Burgers & Wraps,бул. Черни връх 47,42.6620798,23.3179159
358 Foods (Парк Център),бул. Арсеналски 2,42.67883301,23.32068062
3P Pizza Pasta Pastry,ж.к. Младост 4 БПС Сграда 10,42.62576421,23.37636832
,,42.13745995,24.79228744
,,42.4987719,27.4747462
,,42.49902256,27.47383764
,,42.67095868,23.35291788
,,42.67747831,23.3006495
,,42.68057776,23.37338373
,,42.68725718,23.32922118
,,42.6918761,23.3302141
,,42.6946601,23.307181
,,42.69904238,23.30493082
,,42.69927128,23.32991471
,,43.216889,27.90652517
,,43.40386841,24.6250218
8 Mama's,ул. Булаир 35,42.49245104,27.47958702
Adella Ristorante Italiano,ул. Тинтява 15г,42.66689667,23.3498323
Adoro 2,ул. Нишава 55,42.67721558,23.29307938
Adoro 3,ул. Лешникова гора 2,42.63418573,23.310175
Adoro,ул. Пирин 79,42.66430664,23.28120232
AeroSub,ул. Авксентий Велешки 32,42.1391318,24.74565258
Aglea,ул. Кукуш 10,42.13363392,24.74885657
Aladin foods (Благоевград),ул. Крали Марко 4,42.01792696,23.096364
Aladin foods (Варна 2),ул. Доктор Пискюлиев 58,43.20846149,27.90458405
Aladin foods (Велико Търново),ул. Христо Ботев 15,43.0810071,25.6334043
Aladin foods (Захарна фабрика),бул. Сливница 58,42.71054613,23.29190034
Aladin foods (Люлин),"жк.Люлин 4, бул. Захари Стоянов до бл.421",42.71635954,23.24968219
Aladin foods (Младост),бул. Андрей Сахаров на Метростанция Младост 1,42.65289567,23.37381657
Aladin foods (Овча купел),"кв.Овча купел, ул. Монтевидео 85",42.6895392,23.25454369
Aladin foods Пловдив (Corporate),бул. Шести Септември /Четвъртък Пазар/,42.1499313,24.74217434
Aladin foods (Пловдив),бул. Шести Септември /Четвъртък Пазар/,42.1499313,24.74217434
Aladin foods (Русе),бул. Липник 8,43.84573011,25.96595526
Aladin foods (Стара Загора),ул. Г. С. Раковски 52А,42.423923,25.6328915
Aladin foods (Сточна гара),ул. Ангиста 200,42.7042787,23.32970221
Aladin foods (Студентски град),"ж.к.Студентски град, ул. 8-ми Декември 6",42.65207303,23.34484353
Aladin foods (Хасково),бул. Съединение 44,41.9314843,25.565648
Aladin foods (Цар Борис),бул.Овча купел 1,42.67227081,23.27217595
Alana foods,ул. Генерал Гурко 90,42.42385415,25.63268169
Al Castello,ж.к. Яворов бл.4,42.2640373,23.1073348
Alegro,ул. Цар Тодор Светослав 15,43.08047157,25.63290016
Alex Fish,ул. Русалски лък 1,42.70281017,23.3608251
Alex Foods (Смирненски),бул. Пещерско шосе 127,42.13677551,24.71654528
Alex Foods (Тракия),ул. Съединение 72,42.13289829,24.79475533
Alex Foods (Център),ул. Райко Даскалов 8,42.149032,24.7478778
Alex Foods (Южен),бул. Никола Вапцаров 91А,42.12368172,24.74151048
Americano Burgers & Grill,ул. Васил Левски 18,42.49849085,27.46883707
Amici Pizza & Grill (Възраждане),ул. Цар Светослав Тертер 11,43.23819384,27.8835774
Amici Pizza & Grill (Левски),ул. Архитект Петко Момчилов 2,43.22101094,27.9187569
Amore Пица Ресторант,ул. Недялка Шилева 4,42.12401053,24.78714414
Amulet Bar and Dinner,ж.к. Люлин 10 пред бл. 112,42.71400005,23.27160775
Antica Toscana,ул. Свети Патриарх Евтимий 9,42.49157597,27.46877946
Antique,площад Кирил и Методий,42.4964738,27.4741841
Arab Taste,ул. Васил Априлов 47,42.1425157,24.732875
Arcadia Fine Food,ул. Крум Попов 64,42.67931206,23.32394779
Arena Park bar & dinner,ул. Даме Груев 19,42.01235679,23.09228385
Arnold Food,ул. проф. Архитект Храбър Попов 3,42.64454205,23.34013257
Art Club Museum,"ул. ""Съборна"" 2",42.6959343,23.32469368
Art Club,ул. Цар Иван Асен II 6Б,42.69002224,23.33940804
Asia Hot Spot by Sushi Express,ул.Прага 20,42.68834446,23.31205912
Atelier Del Gelato Baci,бул.Витоша 44,42.69098402,23.31932071
Avocado Bar & Dinner,бул. България 125А,42.15432889,24.7133106
Avo Joy,Ул. Неофит Рилски 43,42.6902271,23.32051612
Bacon Bar & Dinner,ж.к. Гоце Делчев ул. Червена роза 50 зад Т- маркет,42.66981319,23.2954024
Bake shop Pizza,ж.к. Лазур бул.Демокрация бл.65,42.51039675,27.46818429
Balkan Food - Central Mall Pleven,"пл. Свобода 25, ул. Цар Борис III, Central Mall",43.4098943,24.61838463
Bamboo Urban,ул. Д-р Йордан Йосифов 1,42.65345361,23.34695469
Baracca,бул. Витоша 65,42.689605,23.319449
Bar and Dinner Momo,ул. Цар Освободител 2,42.48448959,26.50509562
Bar and Grill Grillo,"ул. ""Проф. Цветан Лазаров"" 13",42.67905045,23.3842392
Barbarossa Beach Club,"м-т Гламая, Шуменско езеро",43.24054115,26.95104113
Bar Cartel,бул. Царица Йоана бл. 961,42.7163235,23.2618944
Bar & Dinner Lindo,ж.к. Самара 3,42.43537936,25.6442766
Bar Hayat,ул. Проф. Д-р Иван Странски 61,42.64313167,23.3361751
Bash Sushi,ж.к. Левски ул. Професор Беню Цонев 12,42.70236429,23.37427979
Basilico Bar and Dinner Sofia,ул. Антон Чехов 40,42.66986084,23.35910416
BBQ Forever Pizza,ул. Иван Михайлов 54,42.0207042,23.0883369
BBQ Momo,ул. Търговска 164,42.47566937,26.52821405
BBQ,бул.княз Александър Дондуков 15,42.69801712,23.32810974
Be Fresh,ул. Алабин 46,42.69486511,23.32062265
Best Burgers,бул. Сливница 153,43.2162103,27.9038589
Bianco Carello,Южен Парк (вход бул. Гоце Делчев),42.66507339,23.30311966
Bianco Family,ул. Оборище 18,43.079169,25.59983
Big Fat Boy,бул. Янко Комитов 16А,42.516814,27.4462
Big Panda,ул. Алабин 22,42.69481021,23.31735581
Big Poppa,"Студентски град, бл. 58, вх. В",42.6437354,23.3414827
Bishoku,ул. Павел Куртевич 10,42.14886593,24.74935634
Bistro Nida,Ул. Генерал Столипин 17,43.21090467,27.92010373
Bizarre Bar and Dinner,ул. Академик Стефан Младенов 68,42.6464274,23.34498294
Black Sheep Beerhouse,бул. Княз Борис I 62,43.2063264,27.9207724
Black Sheep Brewhouse,ул. Цар Симеон I 27,43.20009407,27.91274612
Bodega (Варна),бул. Сливница 7,43.20409209,27.92148253
Bodega (Цар Асен),yл. Цар Асен I-ви 6,42.69447769,23.3193478
Bodega (Център),бул. Цар Освободител 8А,42.69536467,23.32858954
BomBa burgers,"ж.к. Лозенец, ул.Вежен 12А",42.67549804,23.31975877
Bombe,Стрелбище ул.Твърдишки Проход 15,42.67277527,23.29637909
Bonitas,ж.к. София Парк зад бл 16В,42.62077885,23.36936318
Boom! Burgers & Booze,бул. Цар Освободител 12,42.6943273,23.3307669
Boom! Burgers (The Mall),бул. Цариградско шосе 115,42.66085421,23.38297769
Boom! Burgers,"Южен парк 2, Summer Fest (зад музей Земята и Хората), шатра номер 3",42.68005827,23.32014444
Boss Burger,бул. Черни връх 100 мол Парадайс ет2,42.65723324,23.3139289
Botanique,ул.Козлодуй 140,42.70815158,23.30952018
Brasserie Jadore,бул. България 49А,42.66722106,23.29103891
Brick House,Ул. Христо Дюкмеджиев 20,42.14924354,24.74930188
Broadway club,ул. Съединение 21,42.1311841,24.787469
Brunch food,ул. Васил Кънчев 26,42.70958949,23.35610853
Buffalo,бул.Панчо Владигеров 20,42.71626145,23.2519573
Buonissimo,ул. Кирил и Методий 51,42.49836731,27.47788239
BURGAS ROOFTOP,ул. Хан Крум 5,42.49191361,27.47233822
Burger Bar Joy,ул. Царевец 19,42.13452964,24.71631328
Burger Boulevard,ул. Свети Княз Борис 93,42.42681649,25.63376499
Burger Brothers,бул. 8-ми приморски полк 87,43.21051516,27.92134545
Burger Club,"бул. Царица Йоана 15, Mega Mall",42.71031899,23.27076906
Burger House,ул. Ангел Войвода 85,42.70746273,23.36022601
Burgeria,ул. Янко Комитов 10A,42.51607538,27.4495002
Burger King (The Mall),"Бул. Цариградско шосе 115, ет.2",42.66068393,23.38308118
Burger King (Бургас),"ул. Янко Комитов № 6, ет. 2",42.51276933,27.45425746
Burger King (Пловдив),"бул. Руски № 54, ет. 2",42.14124959,24.74120628
Burger King (Сердика),ул. Ситняково 48,42.6915091,23.35401455
Burger King (Слънчев бряг),Алея Кубан,42.6943862,27.71409568
Burgerland & Grill,ул. проф. Георги Брадистилов 3,42.657041,23.357657
Burgero (Новата Бърлога),ул. Акад. Андрей Сахаров 1,43.22077536,27.89871544
Burger Point (Бургас),бул. Транспортна 23 - Кауфланд (Изгрев),42.53141853,27.46119488
Burger Point (Милин Камък),ул. Милин Камък 5А,42.4745995,26.52603171
Burger Point (Търговска),ул. Търговска 58В,42.48139061,26.51350033
Burger Point (Цар Освободител),ул. Цар Освободител 2,42.48464457,26.5044336
Burgers by Encasa,"парк Лебеда, срещу Лидл",41.9295219,25.561748
Burger Sport Cafe - For Family,кв. Възраждане II до бл. 45,43.23566543,27.88973901
Burgers & Sport,ул. Независимост 2,43.56985048,27.8287237
Burger Star,До пощата,42.66280077,27.71916456
Burger Station,бул. Витоша 102,42.6861496,23.3172493
Butlers Coffee & Kitchen,ул. Лермонтов 13,42.4933745,27.4742237
Buzzz,"жк. Западен парк, срещу блок 93",42.7024149,23.2831014
Cactus,ул. Солунска 14,42.692759,23.3207158
Café & Bakery Nida,ул. Хаджи Димитър 34,43.2152538,27.9117446
Cafe Parallel 43,бул. Витоша 192,42.6755065,23.3088784
Cake Collection,ул. Родопи 113,42.13677161,24.75967694
Candles,ул.Неофит Рилски 11,43.21766946,27.90880591
Candy Cafe,ул. Генерал Столетов 149,42.42984782,25.63370932
Candy club,бул. Джеймс Баучер 100,42.6720175,23.3180187
Cantonata Express Center,ул. Васил Левски 174,43.41110245,24.61628141
Cantonata Express,бул. Владислав Варненчик 186,43.21989971,27.88966298
Caramel Relax bar & Dinner,ул Проф. Георги Брадостилов 1,42.6568999,23.35828051
Cardamon,ул. Райна Княгиня 17,42.49378928,27.47647793
Casa Bella,ул. Кукуш 4,42.71714083,23.28611305
Casa del Toro,ж.к. Бъкстон ул. Майор Горталов 1,42.67249707,23.27534029
Casa di Bianco,пл. Майка България 1,43.08143553,25.63217557
Casa Felice (Beach),Плажна Алея ул. Георги Георгиев,43.20151195,27.9232803
Casa Felice,ул. Роза 29,43.22388853,27.91419353
Casa Felice (Чайка),ж.к. Чайка бл 12,43.2157169,27.93359194
Catmi's Delta,бул. Сливница 185,43.2275357,27.8748474
Catmi's,бул. Княз Борис 82,43.2075848,27.9223085
Central Park,ул. Филип Македонски 1,42.1420114,24.7457909
C'est la vie,бул. „Кукленско шосе“ 11,42.1235886,24.75836574
Champions Sports Bar & Restaurant,"бул. Цар Алексадър 2, 90",43.9800493,22.8728445
Cheesecakers (Corporate),ул. Хайдушка гора 48,42.67618942,23.29059029
Chef's Family 2,бул. Панония 32,43.9897279,22.8654305
Chef's Family,ул. Уилям Гладстон 27,43.9917577,22.87892808
Chicago Dogz,бул. Цариградско шосе 115 З,42.66039859,23.3829902
Chicago,"ул. Васил Калчев, до бл.58",42.66388144,23.34861425
Chicken Burger,"пл. Свобода 5, Мол Плевен",43.4098665,24.6183667
Chillbox,бул. Цариградско шосе 115з,42.6603009,23.3827159
China Express,Мол Варна ет.3,43.2202977,27.8897554
China Panda (Corporate),ул.Зефир 4,42.14233398,24.76445961
China Panda,ул.Зефир 4,42.14233398,24.76445961
Chinatown,"жк. Изгрев, бл.160",42.52303314,27.46105957
Ciccione Panini Bar 2,"ж.к. Младост 4 Бизнес Парк София, Сграда 10",42.62617055,23.37641797
Ciccione Panini Bar,ул. Ген. Йосиф Гурко 9,42.6931111,23.3260551
Cinecitta Osteria Italiana,ул. Кумата 75 Г,42.64303979,23.28275429
City Zone,ул. Миньор 1,42.60507748,23.03214524
Club 5,бул. Демокрация 7,42.50011174,27.47872619
CM's Beef & Fish,бул. Никола Вапцаров 91А,42.12369398,24.74124557
Cocoon,под хотел Кубан,42.6946648,27.7116585
Coffee shop Back in Black,бул. Цар Симеон Велики 130,42.4252842,25.6341074
Collective Pizza & Grill,ул. Мъглен 25,42.6873865,23.2948075
Color club,ул.Търговска 70,43.14490418,24.7191444
Combo,ул. Пиротска 71,42.70110606,23.31025542
Confiture,ул. Цар Шишман 41,42.68949584,23.32773775
Cooldown Bar,ул. Зайчар 120,42.7029265,23.2989641
Corner Burger,ул. Марин Дринов 62,43.21172232,27.92170255
Corner non Stop,ул. Македония 95,42.1231479,24.740505
Corner (Плевен),ул. Христо Ботев 68,43.4101623,24.6260297
Craft 34,ж.к. Студентки град бл.34Б,42.65523842,23.3436012
Craft,бул. България 69,42.6642191,23.2882978
Creativo Restaurant,ул. Шипка 46,42.69262212,23.34312531
Crystal Burger & Steak (Ring Mall),ул. Околовръстен път 214,42.6234792,23.3533229
Cuba Libre,"ж.к. ""Люлин"" 9, бл. 902П",42.71889114,23.26328087
Da Nino,"Бул. Витоша 4 , до пиците на Алабин 42",42.69485963,23.32072066
De Gustibus,ул.Русалийски проход 15-17,42.6624527,23.31497765
Delicious (Ломско шосе),бул. Ломско шосе 129,42.7312632,23.2971637
Delicious,ул. Георги С. Раковски 71,42.7020428,23.3292933
Deliciozo Bar & Dinner,пл. Свобода 2,41.9325019,25.55676215
DG Burgers coffee & snacks,ул. Фридрих Енгелс 4А,43.40929101,24.62675424
Diana Dunava,ул. Тинтява 29,42.66618071,23.34513674
Di Angello,ул. Марко Бочар 43,42.68838877,23.37001247
Di Angelo,бул. Сан Стефано 2,42.50106999,27.46221305
Diip Bar & Dinner,ул. Леге 15,42.6957508,23.323636
Dilwale-Индийски ресторант,бул. Възкресение,42.69691422,23.27302516
Dolce Amaro,"Район Приморски, местност Салтанат 81",43.21178,27.936884
Dolce Fellini Free Style - 100% италианска пица и домашна храна,ул. Съединение 41,42.1326985,24.79505683
Don Apetino,бул. Цар Борис III-ти Обединител 1,42.1267702,24.75456016
Döner Factory,"ул. Дебър 5, пазар Красно село",42.67768653,23.28452349
Döner Umami,бул. 25-ти септември 28,43.5656361,27.8312327
"Dory cafe, food & games",ул. Цар Самуил 138,43.40207653,24.61143101
Dream house - Vegetarian restaurant,ул. Алабин 50А,42.69476318,23.32123566
Dreams Food & Coffee,ул. Иван Миндилков 1 Панорама Мол,43.4196956,24.6136384
Dunkin' Donuts (M Плаза),ул. Атанас Дуков 29,42.6657719,23.3261312
Dunkin' Donuts (Ring Mall),ул. Околовръстен път 214,42.6244203,23.3525317
Dunkin' Donuts (Гео Милев),ул. Хемус 2,42.68357738,23.35440457
Dunkin' Donuts (Люлин),бул. Джавахарлал Неру 715,42.71458466,23.25979351
Eat'n go,ул. Георги Брадистилов 1,42.65704521,23.35752213
Edgy Veggy,ул. Уилям Гладстон 18Б,42.69189344,23.31722512
Edison Bar & Dinner,ул. Едисон 9-11,42.68627167,23.36009216
EDNO cafe,ул. Алеко Константинов 9,43.2109816,27.9067777
EDNO cafe (Център),бул. Съборни 31А,43.20536645,27.90830185
EDO Sushi & Teppanyaki,ул. Околовръстен път 214,42.62361462,23.35303068
Ego Pizza and Grill,улица Независимост 17,43.08387434,25.63406525
"Egur, Egur",ул. Три уши 8,42.69581821,23.31651002
Eko Grill,бул. Васил Левски 74,42.68840719,23.32978909
Elena Restaurant & Pizza,бул. България 21В,43.07877041,25.62075958
Elliniki Gyros,"бул. Руски, мол Марково тепе",42.1412119,24.7409289
El Mundo Sushi,Ул.България 4,43.56852486,27.82866933
El Mundo,Ул. България  4,43.56852684,27.82868639
El Rapido,"бул. Цариградско шосе 7-11, в паркинга на Метро",42.64794017,23.39426375
Emotion Restaurant,бул. Освобождение 3,42.14442006,24.78581272
Esterhasi Bar,"Бул. ""Цар Освободител"" 21",42.69201146,23.33619878
Evergreen Pizza & Grill,Студентски град бл. 57,42.64329958,23.34041655
Facefood,ул. Методи Македонски 2,42.72291188,23.26916451
Family Bar&Grill,"ул. Ботьо Петков 65 , ж.к. Сухата река до бл. 22",42.7030255,23.36453563
Family House,ул. Атанас Узунов 10,42.6926871,23.3615812
Family Pizza&Restaurant,"Ул. Д-р Лудвиг Заменхов, до Блок 86",42.70503021,23.3699435
Farmer's,ул.Шишман 24,42.6908621,23.32911909
Fast Food Vigo,"л. Чаталджа, 8002 Южна промишлена зона",42.4776883,27.4394221
Fast Food Парчето,ул. Николаевска 10,42.26593649,23.12103309
Fat Pizza,ж.к. Изгрев 194,42.52416973,27.46356086
Felicita,ул. Искър 11,42.69960403,23.32613754
Fernando's (Mall Galeria),ул. Хан Аспарух 30,42.43800424,25.63233886
Fernando's,бул. Цар Симеон Велики 74A,42.42311476,25.62151699
Fire Kitchen,кв. Надежда бл.172 до вх. Ж,42.72722781,23.30092422
Fish and Grill Dunava,"Крайбрежна алея, Понтон 6",43.9847402,22.8798825
Fish & Chips,бул. Арсеналски 2,42.67889404,23.32068062
Fish Express,ул. Цар Симеон I - 20,42.493929,27.4785572
Fish Planet,Беловодски път 32,42.6491329,23.2522156
Fitness Panda,бул. Сливница 9,43.20417616,27.92134548
Fivepi,бул. Черни връх 32Г,42.66996236,23.31979114
Flora Bar & Grill,ж.к. Лазур бл.166,42.50373534,27.48017956
Fly Bar & Dinner (Дружба),бул. Искърско шосе 4,42.6674615,23.4034085
Fly Bar & Dinner,ул. Рикардо Вакарини 3,42.6664176,23.2961477
Food House Pika,ул. Оборище 35,42.69484789,23.34185721
Food House,ж.к. Лагера ул. Плиска 40,42.681288,23.2860496
Food market,ул. Граф Игнатиев 52 - 54,42.68892555,23.32769119
Foodpanda Test Restaurant 1,бул. Евлоги и Христо Георгиеви 171,42.1396975,24.7221346
Foodpanda Test Restaurant 2,ул. Неофит Рилски 38,42.664602,23.378517
Formula,бул. Симеон Велики 5,43.2769312,26.9497039
Frame bar and Food,ул. Тракия 2,42.02119127,23.10091513
Freddo food & sweet bar,"пл. Сборище 5, Бояна",42.64694828,23.26681507
Fresh Bar & Food,ул. Георги С. Раковски 30,42.7036709,23.328752
Fresh Bar (Mall of Sofia),бул. Александър Стамболийски 101,42.69824998,23.30854705
Fresh Bar Mr. Blend,бул. 25-ти Септември 13,43.56663584,27.83067917
Fresh Bar (Park Center),бул. Арсеналски 2 ет.2,42.67886908,23.32084892
Fresh Bar (Plaza Mall),ул. Георги Странски 3,42.1451003,24.7820072
Fresh food,бул. Васил Априлов 23А,42.1408563,24.7343661
Fresh house,ул. Николай Хайтов 6,42.6705702,23.3527474
Fresh House (Център),ул. Сердика 22,42.7003253,23.3245101
Fuego Cafe,ул. Дилянка 20,42.7378743,23.3015058
Funny Chicken,бул. Санкт Петербург 47,42.13691619,24.76715417
Furna,бул. Стефан Стамболов 3,42.6991425,23.3160692
Galata Kitchen,бул. Христо Ботев 62,42.6993459,23.315935
Garden,ул. Шейново 30,43.40338902,24.62344797
Garga's homemade #Pizza,ул. Георги С. Раковски 107,42.6987153,23.3298846
Gelato Amore,ул. Цар Иван Шишман 41,42.68949978,23.32773556
Geppetto Pizza & Grill (Люлин),бул. Панчо Владигеров 44,42.7168819,23.25141732
Geppetto pizza & grill,ул. Генерал Гурко 19,42.69242982,23.32738534
Geppy,ул. Академик Борис Стефанов 13,42.65015181,23.34209876
Get Fresh (Варна),"ул. Атанас Томов , позиция 341",43.22066729,27.90301507
Ginger Bar & Dinner,ул. Битоля №2,42.6776196,23.2961918
Ginger Grill,"ж.к. Бели брези, ул. Битоля 2",42.67762292,23.29631543
Ginger Layout (Serdika Center),бул. Ситняково 48,42.69177548,23.35377235
Ginger Sushi Bar,ул. Г. Паренсов 24А,42.68790621,23.33100591
Gioia Amore Grande,ул. Мусала 9,43.2025159,27.9152849
Glory Bar & Dinner,ул. Пирински проход 24А,42.67474365,23.28541756
Godzila (Leanplum - Corporate),бул. Васил Левски 75,42.69042206,23.33109093
Godzila,бул. Васил Левски 75,42.69042206,23.33109093
Gofretti Bar & Dinner,ж.к. Люлин 3 бул. Захари Стоянов 27,42.72024918,23.24365234
Go Grill (Ловеч),ул. Княз Емеритински 103,43.1442202,24.71223369
Gossip - Bar Formula,бул. Владислав Варненчик 53-55,43.21064758,27.90748024
Granatus,ул. Искър 33,42.70023701,23.3303217
Grand Italia di Mitko,"ж.к. Славейков, бл.151",42.51781082,27.45183563
Grand Italia Pizza Pasta,ж.к. Младост 2 блок 144 вход 10,43.227897,27.886562
Graphite Bar & Dinner (Corporate),ул. Скопие 112,42.1259249,24.7564628
Graphite Bar & Dinner,ул. Скопие 112,42.1259249,24.7564628
Grecos Fish & Grill,"бул. Проф. Цветан Лазаров, срещу бл. 181",42.66292348,23.39084957
Green Bar,ул. Бучински път 10,42.61187683,23.11585037
Green Deli & Bar,ул. Николай Хайтов 10,42.67024254,23.35270706
Green Deli Cafe,ул. Николай Ракитин 2 Полиграфия Офис Център,42.68731441,23.34404726
Green Deli Delivery (Лозенец),ул. Хенрик Ибсен 13,42.6588586,23.3147281
Green House,ул.8-ми декември 43,42.65162308,23.34352523
Grill Box,ул. Мадрен и ул Циклама,42.68198521,23.37342035
Grill City BBQ,бул. Петко Тодоров 5-6,42.669682,23.303692
Grill House Балканска Скара,бул. Ал. Стамболийски 71,42.69799052,23.31213219
Grow,бул. Христо Ботев 12,42.69084532,23.31456996
G-Six,ул. Дунав 5,42.50679726,27.47064702
Gyroland (България),бул. България 142,42.15927,24.738509
Gyroland (Васил Априлов),бул. Васил Априлов 56,42.1410699,24.7344652
Gyroland (Кючук Париж),ул. Македония 95,42.1231252,24.7405305
Gyroland (Тракия),ул. Съединение 72,42.13537333,24.79613614
Gyroland (Център),ул. 11-ти август 2,42.1462775,24.749087
Gyros Factory,бул. Сливница 16,43.20512124,27.92069014
Gyros,бул. Витоша 15,42.69432866,23.32091521
Gyros (Бургас),площад Тройката,42.497504,27.470232
Gyros дюнер (Раковска),ул. Г. С. Раковски 116A,42.69171771,23.32521273
Gyros (Стара Загора),ул Пазарска 2,42.42546245,25.62972333
Haiku Sushi,"ул. ""Св. Теодосий Търновски"" 60",42.67235565,23.32604218
Handmade: Традиционна Баница,ул. Славянска 3,42.69191241,23.33117099
Happy Golden (Младост),"ж.к. Младост 1, бул. Александър Малинов 30",42.65146255,23.37810707
Hawaii,пред хотел Гларус,42.70105813,27.71942088
Healthy Bite,ул. Найден Геров,42.68453532,23.30054455
Hell's food,бул. Цар Освободител 16,43.20920831,27.92193269
Hesburger (Алабин),ул. Алабин 29,42.69501815,23.32113205
Hesburger (Бургас),"ул. Янко Комитов 6, Галерия мол",42.51256509,27.45418906
Hesburger (Варна),ул. Андрей Сахаров 2,43.218226,27.897635
Hesburger (Добрич),бул 25 Септември 19Б,43.56776932,27.82988843
Hesburger (Дружба),бул. Цветан Лазаров срещу блок 181,42.66292246,23.39080014
Hesburger (Пловдив),ул. Княз Александър 1 No37,42.14474541,24.74974574
Hesburger (Славейков),пл. Славейков 6,42.6917588,23.3247646
Hesburger (Слънчев бряг),зад OMV,42.69327118,27.70020671
Hesburger (Стара Загора),бул. Цар Симеон Велики 98,42.4238575,25.6258733
High Park,ж.к. Малинова долина ул. Георги Русев 2,42.63764615,23.33454572
Honu Hawaiian BBQ and pokè,ул. Бизнес Парк София 3,42.6277287,23.3745884
Hot Pepper,ул. Пазарска 13,42.42567161,25.63014924
hotpot pizza,бул. Александър Стамболийски 150,42.70018526,23.30009553
hummusbar,ул. Граф Игнатиев 46,42.68939691,23.32722544
iChef,ул. проф. Архитект Храбър Попов,42.64473555,23.33963494
Ikigai (Leanplum-Corporate),бул. България 69,42.66418749,23.28841885
Ikigai (The Mall) - (Corporate),бул. Цариградско шосе 115,42.66091919,23.38234901
Ikigai (The Mall),бул. Цариградско шосе 115,42.66091919,23.38234901
Ikigai,бул. България 69,42.66418749,23.28841885
Il Granoduro,ж.к. Изгрев бл.190,42.5223302,27.46633647
Il Siciliano,"Орлов Мост, езерото Ариана",42.69016425,23.33751054
Impuls Palace,Южна промишлена зона,43.9672881,22.865567
Incanto,ул. Янко Комитов 6,42.51423742,27.45227345
India House,ул. Хан Аспарух 3,42.69033667,23.31476772
Info,ул. Санкт Петербург 59,42.13909013,24.77145255
In-House,ул. Анастас Стоянов 18,43.42230098,23.22236887
Intrigue Bar & Diner,бул. Витоша 102,42.68616486,23.31723404
Isos,ул Йордан Йосифов - срещу Била,42.65380992,23.34406857
J.J. Murphy's,улица Кърниградска №6,42.69355011,23.31854057
Joy Box,ул. Фердинандова 3,42.49367608,27.47156193
Kanape Food # Club,ул. Васил Левски 192,43.41072901,24.61647022
Kayo sushi,ж.к. Гоце Делчев ул. Деян Белишки 2,42.66495155,23.30212604
KFC (Delta),бул. Сливница 185 ет.2,43.22784907,27.87502581
KFC,"бул. ""Владислав Варненчик"" 186",43.21981049,27.88939095
KFC (Вазов),бул. Владимир Вазов 83,42.70992942,23.39420861
KFC (Люлин),ж.к. Люлин 8 бул. Царица Йоана 72,42.72008334,23.25621785
KFC (Стамболийски),бул. Александър Стамболийски 28,42.69740398,23.31811197
Kind,ул. Алабин 5,42.69489688,23.31630471
King Kong Burger,ул. „Александровска“ 115,42.49967299,27.4700662
Kish,ж.к. Лазур ул. Адам Мицкевич 3,42.50063298,27.47897655
Kish (Зорница),ж.к. Зорница бл. 78,42.51998042,27.46680858
Kish (Меден Рудник),ж.к. Меден Рудник бл.188,42.4617103,27.4141162
Kiwi Bar & Grill,ул. Атон 5,42.0020054,23.1102744
Kobe Steak House,ул. Академик Стефан Младенов 80,42.64449491,23.34475174
Ko-Ko Chicken Bistro,пл.Пенчо славейков между Hesburger и оптиката,42.691638,23.324882
Kono Pizza,бул. Христо Ботев 60,42.69920147,23.31602997
Kostas (Граф Игнатиев),ул. Граф Игнатиев 12,42.69331367,23.32310373
Kostas (Оборище),ул. Оборище 109,42.69349166,23.35240943
Koto,ул. Цар Калоян 6,42.69579772,23.32272698
Krasi Fast Food Pizzeria,ж.к. Тракия 176А,42.129031,24.781862
Kring,ул. Борис Христов 20,42.6847007,23.3562082
Krispy Chicken & Burger,бул. Арсеналски 2,42.67889404,23.32068062
La Bicicletta,бул. Дондуков 18,42.69791376,23.32846037
La Bocca Piccola,бул. Княз Борис I 68,43.20658489,27.92114784
La Bocca,ул. Марин Дринов 66,43.21200157,27.92199624
La Bottega All'angolo,ул. Гладстон 58,42.69120789,23.32315254
La Bottega Monte,бул. Черни връх 191,42.6361636,23.3108609
La Bottega Prima,ул. Милин Камък 6,42.68317795,23.32738876
La Bottega Viale,"Ул. ""Ралевица"" 90",42.66398193,23.28600072
La Cantinetta de Fabio e Nina,ул. Майор Първан Тошев 8-10,42.6783074,23.3001737
La Casa di Amici,Бул. “Цар Симеон Велики” 162,42.426302,25.639336
La Cattedrale,ул. Оборище 1,42.6953745,23.33347706
La Cubanita,"ж.к Бели брези, ул. Битоля №2",42.67760468,23.29630089
La dolce vita- Restaurant - Pizza & Garden,ж.к. Надежда 2 ул. Йордан Хаджиконстантинов 124,42.7327571,23.3009443
La Marquise,ул. Д-р Георги Вълкович 2,42.14556319,24.74945402
La PastAria (Варна),"к-кс Пикадили Парк, бул. Приморски парк II 482",43.21533748,27.95486748
La Pastaria (Шипка),ул.Шипка 41,42.69285721,23.34361374
La Pasta,ул. Гладстон 5,42.14259607,24.74489495
La Piccola Pizzeria,бул. Цар Борис III 17,43.40610564,23.22205586
La Prochetta,ул. Тодор Александров 16,42.1307594,24.7512643
Largo's view,ул. Тодор Александров 2,42.0204943,23.100065
La Rocca,"ж.к. Младост 3, бул. Филип Аврамов, Парк Боби и Кели (бившето Патиланци)",42.64256668,23.37991714
La Roccia,ул. Кирил и Методий 2А,43.775674,23.7290491
La Scalla (Велико Търново),ул. Христо Ботев 14,43.08061034,25.63325676
La Scalla,пл. 10-ти Юли,42.87245722,25.32006273
La Skara,жк Студентски град блок 60,42.64218574,23.33988976
Las tortillas,ул. Бргалница 48,43.21866518,27.91649774
La Strada Sushi,"ул. ""Александровска"" 75",43.85102081,25.95532036
La Strada,"ул. ""Александровска"" 77",43.85117722,25.9555912
La Toscana,ул. Калофер 156,42.5095083,27.4699326
Lavanda,ул. Цар Иван Шишман 12,42.69256231,23.33086308
La Vita,ул. Балчик 7,43.21843695,27.9209634
Le Bull,ул. Янко Комитов 33,42.52209455,27.43675106
Le Chef Food & Mood (Grand Mall),ул. Академик Андрей Сахаров 2 Grand Mall ет.2,43.218226,27.897635
Le Chef Food & Mood (Бенковски),ул. Георги Бенковски 7,43.2095749,27.9115751
Le Chef Food & Mood,бул.Княз Борис I 46,43.20482781,27.9189232
Le Chef Gusteau,ул. Цар Симеон Велики 200,42.42697623,25.64419778
Lemonny Coffee & Food,ул. Врабча 2,42.6972915,23.3303483
Leo's Pizza Il Rustico,ул. Нарцис 58,42.63567775,23.30105224
Leo's Pizza Trattoria,ул. Никола Вапцаров 57,42.6676606,23.3282554
Le Petit Nicolas,бул. Дунав 5,42.1625967,24.736429
L'Hippodrome,"ул. Булаир, бл.13",42.6810601,23.2947627
"Life restaurant, pizzeria & wine bar",ул. Трети Март 35,43.40415103,24.63060512
Like Pizza,ул. Константин Иречек 5,43.8464515,25.95079897
Lili pham,ул. Славянска 29,42.6917939,23.3314063
Little Plus,ул. Веселин Ханчев 9,42.43481205,25.63459119
Local Bar,бул. Цариградско шосе 159,42.64702079,23.39764183
LOW & SLOW - Gentlemen Smokehouse,ул. Райчо Петков Казанджията 5,42.6199919,23.370371
Luciano pizza pasta salad,ул. Русе 13,43.2032814,27.91150475
Lucky Garden Restaurant,ул. Иван Рилски 2,42.6082498,23.0287802
Magma Lounge,"ж.к. Студентски град, ул. проф. Атанас Иширков 7",42.64597685,23.34000812
Mamacita's,срещу Хотел Ларго,42.70195944,27.71906041
Mania Bar & Dinner,бул. Алеко Богориди 36,42.49394817,27.47629102
Marmalad World,"Гр.Варна, ул.Андрей Сахаров №2, ет.2",43.21750641,27.89846039
Marrakesh club,ул. Благой Гебрев 70,42.6030222,23.1133415
Martini Art,ул. Белград 19а,42.15683928,24.74565375
Masala Balkan & Oriental Restaurant,бул. Владислав Варненчик 256,43.22180504,27.87691989
Massa Art Sushi,ул. Академик Андрей Сахаров  2,43.21735001,27.89822578
Massa Kitchen,ул.Академик Андрей Сахаров  2,43.21726608,27.89834213
Massa Pool & Day Club,село Поленица Балкански път 2,41.5665549,23.2943911
Master Grill,ул. Вяра 142,43.2296566,27.8895411
Master Kebap,ул. Славянска 38,42.49423965,27.47695618
McDonald's™ (Delta Mall),бул. Сливница 185,43.22773684,27.87468458
McDonald's™ (Mall Galeria),"кв. Ремиза, ул. Хан Аспарух 30",42.43802086,25.63241591
McDonald's™ (Mall Galleria Бургас),ул. Янко Комитов 6,42.5128447,27.4539315
McDonald's™ (Mall Plovdiv),ул. Перущица 8,42.14208346,24.71913523
McDonald's™ (Park Mall),бул. Никола Петков 52,42.4270156,25.66198313
McDonald's™ (Ring Mall),ул. Околовръстен път 216,42.62373,23.3532465
McDonald's™ (Rock & Roll),бул. България 1,42.68246554,23.31938672
McDonald's™ (Бояна),ул. Околовръстен път 137,42.65027387,23.29040191
McDonald's™ (Бургас),бул. Стефан Стамболов  ж.к. Зорница,42.51720533,27.4619371
McDonald's™ (Варна),бул. Владислав Варненчик 104,43.21309246,27.9040976
McDonald's™ (Велико Търново),ул. Магистрална 17,43.07304715,25.61616666
McDonald's™ (Марица),бул. 6-ти Септември,42.15338893,24.76361629
McDonald's™ (Младост),бул. Александър Малинов,42.64727493,23.37578269
McDonald's™ (Орион),бул. Европа 1,42.71692225,23.27884608
McDonald's™ (Парадайс),бул. Черни връх 100,42.65708233,23.31397499
McDonald's™ (Плевен),пл. Иван Мендиликов,43.4194434,24.6139165
McDonald's™ (Пловдив),ул. Княз Александър I 42,42.14478814,24.7492525
McDonald's™ (Родопи),бул. Санкт Петербург 33,42.13601696,24.76391206
McDonald's™ (Славейков),ул. Уилям Гладстон 69,42.69183164,23.32398978
McDonald's™ (София прес),бул. Цариградско шосе 113A,42.66169476,23.37919328
McDonald's™ (Средец),бул. Княгиня Мария Луиза 23,42.69910857,23.32185654
McDonald's™,ул. Александър Стамболийски 101,42.69800376,23.30911463
McDonald's™ (Цариградско шосе),бул. Цариградско шосе 60,42.66043195,23.37914751
McDonald's™ (Ялта),бул. Цар Освободител 22,42.69288409,23.33436766
MEAT Gourmet Sandwiches and Burgers,ул. Ангел Кънчев 1,42.69324875,23.32252502
Meat Some,бул. Александър Стамболийски 101,42.69813342,23.3088582
Mediterraneo,ул. Оборище 9Б,42.69577789,23.33698082
Me Gusto,ул. Константин Величков 15,42.50623787,27.47956308
Mekan Турски Ресторант,ул. Булаир 5,42.13732008,24.74906832
Memo Sweet House,"ул. Княз Александър I-ви , 52",42.14338258,24.74950613
Metamorfosi,ул. Капитан Райчо Николов 95,42.14288246,24.76093188
Metro Pizza,ж.к. Младост 3 ул. Бъднина 10,42.63959122,23.37603569
Mezetto,Площад Тройката 4,42.49693232,27.47063215
Mini Best,бул. Цар Освободител 177,43.2345704,27.8758254
Miss Pizza,ул. Георги С. Раковски 73,42.70194956,23.32931505
Moda Cafe,ул. Райко Даскалов 43,42.1502761,24.74685516
Mona Lisa Ресторант & Пица,ул. Могильов 47,42.88585556,25.3129856
Mon Ami,"ж.к. ""Хиподрума"", ул. ""Булаир"" 1",42.68024826,23.29628181
Mr. Burrito,бул. Съборни 31А,43.20567045,27.90891185
Mr. Cool,ул. Недялка Шилева 43,42.13014333,24.7860738
Mr. Fresh,бул. България 152,41.92981632,25.55790034
Mr. Pizza (Capital Fort - Corporate),"ж.к. Младост 1, бул. Йерусалим 22",42.6554966,23.3737541
Mr. Pizza (ISGBG -Corporate),бул. Васил Левски 53,42.68858696,23.32903728
Mr. Pizza (Paradise Mall) - (Corporate),бул. Черни връх 100,42.65777177,23.3153969
Mr. Pizza (Test),бул. Черни връх 100,42.6577604,23.3148512
Mr. Pizza (България),бул. България 49,42.666615,23.28996018
Mr. Pizza (Васил Левски) - (Corporate),бул. Васил Левски 53,42.68875553,23.32903728
Mr. Pizza (Васил Левски),бул. Васил Левски 53,42.68875553,23.32903728
Mr. Pizza (Верила),ул. Верила 3,42.68739888,23.3177654
Mr. Pizza (Младост-Corporate),"ж.к. Младост 1, бул. Йерусалим 22",42.6554966,23.3737541
Mr. Pizza (Младост),"ж.к. Младост 1, бул. Йерусалим 22",42.6554966,23.3737541
Mr. Pizza (Н.Вапцаров),бул. „Никола Й. Вапцаров“ 6,42.66591197,23.31970949
My Choice (Sky City Mall),ул. Коста Лулчев 52,42.67996465,23.3677251
My Choice (Симеоново),ул. Момина сълза 14А,42.61522712,23.33752761
My Doner,"yл. Княз Борис I, 75",43.20810641,27.92267293
My Grill & Kebap,ул. Дрин 11,43.2102794,27.90769428
My Place Burger,кв.Капана ул.Павел Куртевич 4,42.14881125,24.74895414
Natural & Bio market Cactus,ул. Максим Горки 5,43.5648891,27.82793554
Nature Bar & Food,ул. Света Марина 48-50,42.66910671,23.28406837
Nebo,ул. Шипка 34,42.69296429,23.34053749
Nettuno,СК Парк Отдих и Култура 1,42.1504214,24.71814423
Ninja Bowl,ул. Георги С. Раковски 84,42.69771141,23.32979677
NKD Pizza - (Corporate),ул. Професор Георги Брадистилов 8,42.65709261,23.35796784
NKD Pizza,ул. Професор Георги Брадистилов 8,42.65709261,23.35796784
Noodle box,ул. Света Гора 40,42.67534656,23.32966083
Noodle house,ул. Света Гора 40,42.67534656,23.32966083
Nordsee (Serdika center),"бул Ситняково 48 , ет 1",42.6917419,23.3540242
Nordsee (The Mall),бул. Цариградско шосе 115 ет. 2,42.66058761,23.38266739
Note di Vino,ул. Димитър Талев 87,42.11853502,24.73586261
Nushic/Нушич Сръбска скара,ул. Братя Миладинови 21,42.69899923,23.31712684
Nushic Сръбска Скара (Corporate),бул. Патриарх Евтимий 14,42.68847015,23.32679164
Nutrio Bar (Дубровник),ул. Дубровник 54,43.22442546,27.9249827
Oasis Park - Bar & Grill,"ж.к. Петко Р. Славейков бл 168, бившето Златно пиле",42.51529443,27.45196626
OLA Taste of MED,бул. България 69,42.66385513,23.28848929
Old Buddies,ул. Одесос 3,43.20081369,27.91617628
Olio D’оliva,ул. Цар Самуил 60,42.69808417,23.31817876
Omammy Food,ул. Александър Малинов 23,42.6521599,23.3800218
Oscar,ул. Коломан 1,42.67383541,23.27058439
O'Skara,ул. Уилям Гладстон 36,42.69150162,23.31952667
Padre,ул. Червена стена 58,42.67037276,23.31619695
Pampero Food & Bar,ул. Преслав 42,43.20322293,27.91380459
panCake O'Clock (Дюн),пред Хотел Дюн,42.6969294,27.715909
Panini Pro,ул.Цанко Дюстабанов 16,43.22027303,27.90217012
Papa Lapa's,Площад Кирил и Методий,42.49629833,27.47441414
Pappa Yozzi Прясна паста (Plaza),"ул. Георги Странски 3, Mall Plaza, ет.2",42.1451453,24.7817578
Pappa Yozzi Прясна паста,бул. Руски 54,42.14163747,24.74097759
Park Line,"ж.к. Владислав Варненчик, ул. 6-ти Септември 17",43.24438207,27.85356254
Pasta E Vino Petraglia,ул. Никола Петков 9,42.1418163,24.7388006
Patladjan,бул.Ломско Шосе 71,42.72560767,23.3032532
Peperoncino (Младост),ул. Бизнес парк София 2,42.62860901,23.37372645
Peperoncino,ул. Кричим 2,42.6705771,23.32066551
Peperoncino (Хладилника),бул. Никола Й. Вапцаров 53Б,42.66602994,23.32496806
Philly & Doner,ул. Дубровник 54 бл.2,43.2243321,27.9255274
Phoenix,ул. Христо Силянов 35,42.73327245,23.3028566
Picantino 2 (Corporate),"улица ""Хан Пресиян"" 15",42.15758133,24.74832535
Picantino 2,ул. Родопи 67,42.1399169,24.7597336
Piccadilly,ул. Александровска 75,43.85102081,25.95532036
Pita Gyros,бул. Братя Бъкстон 40,42.66582871,23.27490428
Pita Suvlaki,пл. Свобода 12,43.4104049,24.6169265
Pizza Al Capone,"ул. Цар Борис III 80, Казичене",42.66401112,23.46456845
Pizza Ancona (Овча Купел),"ул. ""Президент Линкълн"" 29",42.68403625,23.26864624
Pizza Ancona (Редута),"ул. ""Братя Пешеви"" 10",42.68941116,23.36565971
Pizza Ancora,пл. Преображение 1,42.7090416,23.28711319
Pizza Avanti (Corporate),ж.к. Младост 1 блок 77,42.65248108,23.36986923
Pizza Avanti,ж.к. Младост 1 блок 77,42.65248108,23.36986923
Pizza Bar and Grill Amira,"ж.к. Възраждане, ул. Блян 2",43.23465729,27.88856888
Pizza Bar & Dinner Conte,ж.к. Славейков 147,42.52254176,27.44497484
Pizza Bar & Grill Bel Ami,"бул. ""Христо Смирненски"" 1",42.68515316,23.33061928
Pizza Bar & Grill Медичи,ул. Търговска 31,42.48200858,26.51200936
Pizza Bar La Casa,бул. Сливница 9,43.20417616,27.92134548
Pizza Bar La Casa (Кетъринг),ул. Драгоман 35,43.20610046,27.91274452
Pizza - Bar Simonelli,бул. Христо Ботев 158,43.4023193,24.62559164
Pizza & Bar Verchetti,ул. Радоста 49 А,43.22167698,27.87876366
Pizza & BBQ Maxi,ул. Тракийска 19,43.13331086,24.71151542
pizza Bianco,"ж.к. „Картала”, ул. ""Моско Москов"" 15",43.0836801,25.6215808
Pizza Boxx,ул.Тодор Александров 54,42.0175687,23.0953556
Pizza Box,ул. Милин Камък 2,42.68384812,23.32684282
Pizza Castello,ж.к.Младост 3 ул. инж. Георги Белов 20,42.63911057,23.38521576
Pizza Chef i Katmi Chef,бул. Копривщица 36,42.14664322,24.72613349
Pizza Don Vito (Красна поляна),бул. Никола Мушанов бл. 329,42.69338123,23.28309632
Pizza Don Vito (Младост),ж.к. Младост 1 до бл.31,42.65525334,23.38115184
Pizza Don Vito (Павлово),бул. Александър С. Пушкин 34,42.66198217,23.26515437
Pizza Don Vito (Цар Борис),бул. Цар Борис III 80,42.6809377,23.2878223
Pizza Fortuna,"ж.к. ""Борово"", ул. ""Природа"" 6-8",42.66996002,23.28484917
Pizza & Grill Orbita,ул. Граф Игнатиев 20,43.4054899,23.2270411
Pizza Hero (България),бул. България 49В,42.66677521,23.2900346
Pizza Hero (Васил Левски),Бул. Васил Левски 53,42.68877052,23.32901289
Pizza Hero (Верила),ул. Верила 3,42.68738266,23.31771416
Pizza Hero (Младост),бул. Йерусалим 22,42.65592975,23.37357908
Pizza Hero (Парадайс),бул. Черни връх 100,42.65742121,23.3153242
Pizza HOT,Промишлена зона Изток,42.426818,25.6616877
Pizza iL Forno,ул. Генерал Стефан Тошев 1А,42.67313368,23.28528671
PIZZA Italiana by Muffin,кв. Чайка бл. 27,43.21843297,27.93689077
Pizza Italiana,ул. Странджа 93,42.70410156,23.31301689
Pizza La Vista,"бул. Мария Луиза 102, жп гара, 2ри етаж",42.711974,23.320843
Pizza Mann,ул. Благой Гебрев 20 Б,42.60726859,23.10113632
PizzAmerica,ул. Цар Калоян 50,42.42634257,25.62425079
Pizza Mia & Trattoria,ж.к. Младост 3 бл.325,42.63731034,23.37507693
Pizza Momo,ул.Георги С Раковски 11,42.48433799,26.51054518
Pizza Originalle (Corporate),"ул. ""Митрополит Панарет"" 29",42.14844131,24.75521088
Pizza Originalle,"ул. ""Митрополит Панарет"" 29",42.14844131,24.75521088
Pizza Palace (ISGBG-Corporate),"бул. ""Витоша"" 34",42.69181824,23.31964302
Pizza Palace,"бул. ""Витоша"" 34",42.69181824,23.31964302
Pizza & Pasta restaurant Pastissima,ул Христо Ботев 121,42.42239574,25.63036247
Pizza Pazzo,ул. Георги Кочев 13,43.4139086,24.6315893
Pizza Place (София),"бул. Черни връх 100, Мол Парадайс",42.6574213,23.315072
Pizza Place,ул. Струма 26,42.602176,23.0247238
Pizza Ragazzi (Красно село),ул. Хубча бл.195,42.67454749,23.28407261
Pizzarela,ул. Васил Петлешков 18,43.22211846,27.93412144
Pizza Roma,ул.Златни Врата 4,42.67293167,23.30049706
PIZZA SHOP - пица ала Романа,ул. Сливница 4,42.49610575,27.47068696
pizza Siciliana (Нишава),ул. Нишава 167,42.67002352,23.30288475
pizza Siciliana,"ул. ""Константин Иречек"" 15",42.68883133,23.30685043
Pizza Sira,ж.к. Младост 1А блок 515,42.64967145,23.3816324
Pizza Tempo (Велико Търново),ул. Ивайло 4,43.08222243,25.63175463
Pizza Venice,ул. Райко Даскалов 2,42.0217303,23.10080761
Pizza Verace,ж.к. Надежда ул. Царевец 22,42.72820261,23.29288781
Pizza XL,"кв.Надежда, зад блок 102, жълта едноетажна сграда",42.69856262,23.31077385
Pizzerito,"ул. ""Васил Калчев"" № 10",42.66342926,23.34716034
Pizzicato,ул. Братя Миладинови 55,43.2114707,27.9142776
Pizzi Frizzi,"ж.к. Младост 1A, бл.510",42.64887238,23.3802948
Pizzio,бул.Ситняково 48(МОЛ Сердика),42.6917594,23.353267
Pizzio (Бургас),"ул. Янко Комитов 6, Mall Galeria",42.51282147,27.45409277
Pizzio (Люлин),"бул. Царица Йоанна  15, Mega Mall",42.71024323,23.27107811
Planet food,ул. Александровска 69,43.8505834,25.95488101
PM street chefs,бул. Линкълн 55,42.68740497,23.26472542
Pomo Street Food,ул. Драгоман 45,43.20691908,27.91209106
Ponte,ул. Тодор Кирков 1,43.13257182,24.71770942
POPS test BG,ул. Съединение 176,42.12942474,24.78112861
Porky's BBQ,бул. Дунав 29,42.16302007,24.74260398
Porto Fresh,ул. Васил Левски 14Г,43.0796808,25.6287368
Porto Greco,бул. Санкт Петербург 34,42.1361294,24.7666658
Porto Maltese,бул. Черни връх 100  етаж 3 над SASA,42.657203,23.3135486
Premium Pizza (Обеля) - (Corporate),"ж.к. Обеля 2, ул. акад. Димитрий Лихачов до бл.272",42.7430194,23.272993
Premium Pizza (Обеля) - (Taulia - Corporate),"ж.к. Обеля 2, ул. акад. Димитрий Лихачов до бл.272",42.7430194,23.272993
Premium Pizza (Обеля),"ж.к. Обеля 2, ул. акад. Димитрий Лихачов до бл.272",42.7430194,23.272993
Premium Pizza,ул. Пирин 58,42.66384125,23.28532028
Presto,"бул. ""Александър Стамболийски"" 89В",42.69826126,23.30992508
Primo Bar & Grill,ул. Симеон Велики 47,43.27670098,26.95070117
Protein Bar,ул. Славянска 75,42.49687147,27.47396202
Protein House,ж.к Студентски град блок 58,42.64441825,23.34130436
Quick food,ул. Йоаким Груев 5,42.14938601,24.74818014
Raffy Bar & Gelato (Corporate),бул. Витоша 18Б,42.69320214,23.32006719
Raffy Bar & Gelato (The Mall),"ул. Цариградско шосе 115з, ет 2",42.66074443,23.38279011
Raffy Bar & Gelato (Благоевград),ул. Тракия 1,42.02123534,23.1012143
Raffy Bar & Gelato (Бургас),ул. Ген. Майор Лермонтов 7,42.49299017,27.47462636
Raffy Bar & Gelato Пловдив (Corporate),ул. Патриарх Евтимий 5,42.1443789,24.7481913
Raffy Bar & Gelato (Пловдив),ул. Патриарх Евтимий 5,42.1443789,24.7481913
Raffy Bar & Gelato (Тракия),ул. Съединение 51А,42.13074782,24.79301303
Raffy Bar & Gelato,ул. Шипка 9,42.69356821,23.34019987
Ragazzi Pizza,ул. Македония 84,42.49919547,27.46172627
Raja Bali,бул. Витоша 55Б,42.69084828,23.31984063
Rambla Bar & Grill,ул. Цар Иван Шишман 64,42.42882141,25.62867779
Rap & Bread,"Студентски град, ул. Росарио 2, павилион 11",42.65741453,23.3536662
Rappongi,"Крайбрежна алея, плаж Буните II",43.20949397,27.94016291
Red Canape,бул. Княз Борис I 65,43.2074995,27.9217664
Red Wagon,ул.Три уши 35-Б,42.69653365,23.30948097
ReFresh,ул. Шипка 22,43.40442424,24.62255771
Restaurant & Bar AJ,бул. Цар Освободител 164 А,43.2341462,27.8729416
Restaurant RAYA Garden,"Парк ""Света гора"" - Царевград Търново",43.07111186,25.64888087
Restobar Giardino,бул. Арсеналски 81Б,42.67446895,23.31331721
Ribu Ribu,бул. Цар Овободител 86 - 150,43.21494293,27.91386414
Ristorante Vivaldi,ул. Лейди Странгфорд 4,42.14743037,24.74741865
Rolling Dogs,ул. Цар Шишман 34,42.6892676,23.3268621
Roma Bene,ул. Околовръстен път 214 Ринг мол ет.2 до Flo kafe,42.62486514,23.35165501
Rossi's pizza,кв.Монте Карло бл.222Е,42.6082106,23.03328377
Rotonda,ул. Димитър Талев 120,42.11893633,24.73523921
Royal Park,ул. Ралица 2,42.68274477,23.32364872
Royal Thai,ул. Славянска 24,42.69211523,23.33042871
Salad Box (Bulgaria Mall),бул. България 69,42.66404017,23.28839779
Salad Box (Ring Mall),ул. Околовръстен път 299,42.6238839,23.3532425
Salad Box,бул.Александър Стамболийски 72А,42.698637,23.310657
Salted Cafe,ул. Братя Миладинови 38,42.69970322,23.31767464
Salt & Pepper,ул. Хан Кубрат 1,42.1519723,24.7451755
Samer Grill House,ул. Бяла черква 1,42.67475757,23.30834899
Sandwich Factory,ул. Генерал Колев 20,43.20882699,27.9132047
Sandwich point,бул. Сливница 9,43.2040804,27.9213725
San Mozzarello,бул. Княз Борис I 75,43.2080758,27.9225164
Santeli,ул. Чорлу 51,42.1249659,24.7374163
SASA Fashion Food,бул. Черни връх 100,42.65767595,23.31500413
Sasso Pizza and Pasta,ул. Неофит Рилски 11,43.41623169,24.62447665
Savini Gelato and Bakery,ул. Сан Стефано 9,42.695428,23.3399602
Savini Gelato (South Park),ул. Ярослав Вешин 63,42.67504891,23.30705262
Savini Gelato (Пловдив),ул. Найден Геров 17,42.1437963,24.74787364
Schnitzel,ул. Димитър Трайкович 3,42.6957931,23.31390517
Scorpio,площад Възраждане,42.18966542,24.33362333
Seni Bar & Dinner,ул. Солунска 13,42.13094112,24.71321795
Senior Burrito (The Mall),бул Цариградско шосе 115 The Mall,42.660425,23.38209347
Senior Burrito,бул Черни Връх 100,42.6573264,23.3138285
Sevina,ул. Месембрия 30А,42.6583422,27.7359934
Sheng Long Restaurant,ул. Партений Нишавски 10,42.69698014,23.3051428
Simoni Bakery,ул. Георги С. Раковски 159,42.6906857,23.3237834
Sindbad (Бургас),бул. Алеко Богориди 6,42.49370017,27.47314164
Sindbad (Търговска),ул. Търговска 60,42.48126996,26.51365169
Sindbad (Цар Освободител),ул. Цар Освободител 3,42.4844397,26.5044943
Siracusa Bar & Grill,ж.к. Дружба 2 срещу блок  311,42.6470943,23.405644
Skapto – Banishora,ул. Софроний Врачански 62 (вход откъм Козлодуй),42.70659611,23.31666064
Skapto (Mall of Sofia - Corporate),"бул. Александър Стамболийски 101, Mall of Sofia",42.69823185,23.30878871
Skapto (Mall of Sofia),"бул. Александър Стамболийски 101, Mall of Sofia",42.69822992,23.30889594
Skapto – Shishman 20,ул. Искър 11,42.69952011,23.32614136
Skapto (Искър 11A - Corporate),"ул. ""Искър"" 11А",42.69965363,23.32660866
Skapto (Искър 11A - ISGBG - Corporate),"ул. ""Искър"" 11А",42.69965363,23.32660866
Skapto (Искър 11A),"ул. ""Искър"" 11А",42.69965363,23.32660866
Skapto (Пловдив - Corporate),ул. Йоаким Груев 24,42.15023259,24.74807337
Sky Cafe,"жк. Тракия, бл 202",42.12899058,24.77488092
SnoBar finefood & coffee,ул.Твърдишки проход 18,42.67427826,23.29809952
SOHO Bar & Dinner,бул. Христо Ботев 1,43.0828573,25.63309464
Spaghetti Bar,к-с Братя Миладинови бл.40,42.50519494,27.46792585
Spaghetti Company (Bulgaria Mall),"бул. ""България"" 69",42.66418218,23.28855872
Spaghetti Company (Сердика Център),"бул. ""Ситняково"" 48",42.69090807,23.3536047
Spaghetti Kitchen Bar,пл. Света Неделя 3,42.6961254,23.320685
Spaghetti Kitchen,ул. 6ти Септември 9,42.69362234,23.32965383
Speedy Burger,ул. Поморие 8,42.5033301,27.4795321
SPS Pizza Bar & Dinner,ул. Ален Мак 2А,43.07757703,25.61293019
Starbucks (Bulgaria Mall),бул. България 69,42.66429667,23.28822896
Starbucks (Paradise Mall) - (Corporate),бул. Черни връх 100,42.65760214,23.31532717
Starbucks (Paradise Mall),бул. Черни връх 100,42.65760214,23.31532717
Starbucks (Ring Mall),ул. Околовръстен път 214,42.623772,23.3539362
Starbucks (Serdika Center),бул. Ситняково 48,42.69129811,23.35389389
Starbucks (The Mall) - (Corporate),ул. Цариградско шосе 115И,42.66041097,23.38313341
Starbucks (The Mall),ул. Цариградско шосе 115И,42.66041097,23.38313341
Starbucks (Бургас Galleria Mall),ул. Янко Комитов 6,42.5128148,27.455024
Starbucks (Бургас Plaza),бул. Транспортна Mall Plaza,42.53097844,27.45717019
Starbucks (Варна Delta),бул. Сливница 185,43.22794962,27.87477398
Starbucks (Варна),ул. Воден 13,43.20344187,27.91659453
Starbucks (Васил Левски),бул. Васил Левски 1А,42.68614218,23.32152307
Starbucks (Гурко),"ул. Генерал Йосиф В, Гурко 62А",42.6898172,23.33132118
Starbucks (Пловдив Plaza),ул. д-р Георги Странски 3,42.14512936,24.78226338
Starbucks (Пловдив),ул. Перущица 8,42.14205159,24.71940314
Starbucks (Съборна),ул. Княз Александър I 4,42.69556194,23.3246693
Steak House Аверите,бул. Трети Март 27,43.40486548,23.22279215
Stella's Box (Сливница),бул. Сливница 169,43.21922752,27.89962264
Stella's Box,ул.Македония 102,43.21179465,27.91656625
Stelmo,ул. Ружа 15,42.13281044,24.71276343
StepUp,ул. Витиня 2,42.7104275,23.3680314
STN sandwiches,бул. Христо Ботев 124,42.13584462,24.75913013
Street Chefs (България),ул. Пирин 91,42.6633967,23.2858539
Street Chefs (Лозенец),"Лозенец, ул. Сердикийски събор 1 с/у билата",42.6696101,23.31364071
Street Chefs (Младост),"ж.к. Младост 4, Бизнес парк София сграда 15, партер",42.62681715,23.37846695
Street Chefs (ул.Ангел Кънчев 22),ул. Ангел Кънчев 22,42.69049072,23.32168388
Street Food Burgers,пл. Хан Кубрат 5,43.84695606,25.95107532
Street Waffles,ул. Доктор Йордан Йосифов 2,42.65382104,23.34647919
String Fit Kitchen,ул. Армейска 5,42.4205177,25.6098922
Studio G,"к.к. Слънчев бряг, бистро Кондор",42.6924309,27.709081
Subway (Bulgaria Mall),бул. България 69,42.66439201,23.28834556
Subway (Mall Varna),бул. Владислав Варненчик 186,43.21986889,27.88946373
Subway (Ring Mall),ул. Околовръстен път 214,42.6246345,23.35197657
Subway (Бизнес парк),ул. „Бизнес парк София“ 3,42.62526321,23.37606049
Subway (Бургас),Бул. Транспортна 6  Mall Burgas Plaza,42.53054827,27.45773811
Subway (Кубан),"Flower street , до х-л Кубан",42.6942935,27.7125559
Subway (Люлин),"бул. Царица Йоанна 15, Mega Mall",42.71024323,23.27107811
Subway (Марвел),"1ва Алея, до х-л Марвел",42.70799004,27.722745
Subway (НДК),площад НДК,42.68554306,23.31912804
Subway Пловдив (Corporate),бул. Руски 54 Марково Тепе Мол  ет.3,42.14101028,24.74111938
Subway (Пловдив),бул. Руски 54 Марково Тепе Мол  ет.3,42.14101028,24.74111938
Subway (Севастопол),"бул. ""Сливница"" 41",43.20574188,27.91913986
Subway (Сердика),бул. Ситняково 48,42.6913395,23.3529631
Subway (Стамболийски),"булевард ""Александър Стамболийски"" №89",42.69836807,23.30993271
Subway (Стара Загора),ул. Хан Аспарух 30,42.43803133,25.6322299
Sundays,бул. Васил Априлов 5,42.13727964,24.74020157
Sundogs,ул. Михаил Колони 1,43.20349503,27.91737747
Supa Bar,ул. Сердика 20,42.6999855,23.32454681
Sushi2Go,ж.к. Лозенец ул. Драгалевска 1,42.67074966,23.32130814
Sushi Boom,ул. Цар Самуил 42,42.500741,27.466373
Sushi Corner,Приморски парк II №482,43.2153414,27.954852
Sushi Express (Ангел Кънчев),ул. Ангел Кънчев 35,42.68949929,23.32189113
Sushi Express (Прага),бул. Прага 20,42.68833263,23.31203488
Sushi Express,ул. Николай Коперник 25,42.68011856,23.36133194
Sushi King (Corporate),"ж.к. ""Младост"" 4, бл. 458, вх. В",42.63500595,23.37453842
Sushi King,"ж.к. ""Младост"" 4, бл. 458, вх. В",42.63500595,23.37453842
Sushi King (Люлин - Corporate),ж.к. Люлин 10 ул. Орион 33А,42.71327209,23.27174377
Sushi King (Люлин),ж.к. Люлин 10 ул. Орион 33А,42.71327209,23.27174377
Sushi Lovers,ул. Георги Бенковски 4,42.14941506,24.74769098
Sushi Mochi,"ул. ""Св. Св. Кирил и Методий"" 62",42.7027092,23.3259182
Sushi Mushi (Пловдив),Mall Galeria Plovdiv / Plovdiv Plaza Mall,42.1449041,24.7814923
Sushi of Tokyo,бул. Янко Комитов 16А,42.516814,27.4462
Sushi on time,пазар Герена,42.70242126,23.36028357
Sushi Street (Corporate),ж.к Студентски град блок 54,42.644791,23.339879
Sushi Street,ж.к Студентски град блок 54,42.644791,23.339879
Sushi Time - The Fat Chef,ул. Георги С. Раковски 55,42.42981434,25.63041364
Sushito.bg,ул.Богатица 23,42.6719988,23.3140523
Sweet Blaze,ул. Даме Груев 12,42.01624715,23.09618782
Sweet Home,ул. Методи Андонов 110,42.66337912,23.36323813
Sweet & Salty,ул. Милин Камък 7,42.6836049,23.327328
Sweet Waffle,"кв.Редута, ул.Велчо Атанасов 42",42.69077019,23.35870181
Tabla,Ангел Кънчев 11,42.69184113,23.3210907
Tabule Bar & Diner,ж.к. Люлин 4 ул. Гене Телийски  до Бл 425,42.71508026,23.24852371
Taco Bar,ул. Васил Левски 18,42.49849085,27.46883707
Tapas,ул.Ганчо Карамаждраков 2,43.8294458,25.97689927
Taste it,"ж.к.Смирненски, ул.Солунска 49",42.129924,24.7088906
Tasty Bar & Pizza,ул. Константин Иречек 1,42.14847104,24.74827519
Tasty Kebap Halal,ул. Академик Борис Стефанов 1,42.6528949,23.34282433
Teencho's Tandoor Indian Restaurant,бул. Цариградско шосе 6,42.14781592,24.77034268
Tempo Pizza,"ул. ""Александровска"" 75",43.85102081,25.95532036
Texas Burger Dinner House,ул.Георги Пеячевич  67А,42.6905237,23.3560956
Texas Chicken (ММТ Пловдив),бул. Руски 54,42.1416765,24.7410673
The Burger Faktory (Corporate),ж.к. Студентски град ул. проф. Стефан Младенов 46,42.64964294,23.34553719
The Burger Faktory Downtown,ул. Поп Богомил 2Б,42.70391706,23.32869009
The Burger Faktory,ж.к. Студентски град ул. проф. Стефан Младенов 46,42.64964294,23.34553719
The Castle of Ribs,бул. Дондуков 109,42.6992569,23.34032249
The Corner,бул. Никола Вапцаров 35 ет.8,42.66463861,23.31711423
The Corner (Монтана),ул. Върбан Пенов 1,43.4002286,23.2358404
The Cups,ул. Фердинандова 34,42.4930684,27.4693846
The Garden - Obsession Club Bar and diner,ул. Царибродска 70,42.70344871,23.29995692
The Grill,бул. Никола Петков 52,42.42702475,25.66019671
The NEW Fox & Hound,ул. Ангел Кънчев 34,42.68902969,23.32149315
The Ring Bar & Dinner,ул. Околовръстен път 46,42.64160393,23.31119517
The Sushi Bar,ул. Иван Денкоглу 18,42.69401169,23.31878662
Ti Bar & Kitchen,ул. Силистра 4,42.4950859,27.4723453
Tico Bar and Dinner,бул. Ломско шосе и ул. Бели Дунав,42.73573685,23.29302025
Time for Food,бул. Арсеналски 2,42.67883301,23.32068062
Toffo Bar & Dinner,ул. Никола Грабовски 39Б,42.66291193,23.34524391
Tohun Bar&Dinner,Лозенец ул. Милин камък 14,42.68204498,23.32794952
Top Table,ул. Цар Борис III 10 к-с Благоев,43.41090242,24.61837332
Torro Delivery,ул. Васил Априлов 60,42.141223,24.734444
Tortilla bar,ул. Кричим 2,42.67058626,23.3209366
Tortilla & Burger shop,"Приморски парк, Флората",42.50365081,27.48081904
Trops Food (Варна),бул. Княз Борис I 48,43.20491781,27.91896256
Trops Food (Съборна),ул. Съборна 11,42.69648218,23.32212218
Trops Food (Христофор Колумб),бул. Христофор Колумб 56,42.67789055,23.39964666
Turkish Bar & Grill Saray,бул. Сливница 43,43.20594416,27.91888967
Twister Pizza Cones,ул. Тодор Стоянович 26,42.42405154,25.61495532
Twist & Go Street Foods,бул. Витоша 46,42.69057894,23.31924735
Two brothers Food and Fun,бул. Източен 22,42.1428881,24.763431
Umami,бул. Джеймс Баучър 100,42.67227554,23.31885147
Uniqato,ул. Сава Силов 36,42.42302157,25.62449153
UNO Street Food,ул. Академик Андрей Сахаров 2,43.21735811,27.89817731
Urban Table,Парк Заимов,42.69736388,23.34012564
Veda House,ул. Уилям Гладстоун 2,42.6922556,23.3148942
Vege Joy,ул. Д-р Людвиг Заменхоф 10,43.2027717,27.9123619
Veggic,ул. Златарска 9,42.149162,24.748774
VEGGIEBOX,ул. Юрий Венелин 2-4,43.41131057,23.22294667
VerMon 88,ул. Матей Преображенски 320А,42.72069742,23.24504373
Veronique Waffle House,ул. Цар Симеон 54,42.49657877,27.47603409
VICTORIA  (Ring Mall),"ул. Околовръстен път 214, София Ринг Мол",42.62367903,23.35311959
Victoria S,бул. Пенчо Славейков 25,42.68626654,23.3113439
VICTORIA (България),бул. България 118,42.65597466,23.2835719
VICTORIA (Иван Асен),ул. Иван Асен II 66,42.68813663,23.34556669
VICTORIA (Ловен Парк),"бул. Симеоновско шосе 1, Ловен парк",42.66252943,23.34014933
Victoria Тримонциум,ул. Капитан Райчо 2,42.141138,24.751155
VICTORIA (Цар Освободител),"бул. ""Цар Освободител"" 7, Централен Военен Клуб",42.6950144,23.3295664
VICTORIA (Черковна),ул. Черковна 75 В,42.69199459,23.35178853
Viento Bar & Dinner,ул. Симеон Велики 105А,42.42417654,25.62502288
Villa Grill,ж.к. Люлин 10 ул. Гоце Делчев 10,42.71294633,23.27049983
Vino Vino,бул. Георги С. Раковски 121,42.69700241,23.33028793
Vintage Garden,ул. Христо Белчев 32,42.69117886,23.32064294
Violet Caffe Bar,кв. Мара Денчева бл.20,43.40028518,24.62282876
Virtuoso,Ломско шосе 171,42.7357612,23.29317659
Vision,бул. 6-ти Септември 117,42.14907451,24.73846445
Vitamin C,бул. Витоша 28,42.69242916,23.31979843
Vitosha Downtown Bar & Dinner,ул.Цар Асен 15,42.69384488,23.3194229
Warsteiner,"ул.""Генерал Йосиф Гурко"" 7А",42.69324112,23.32584572
West Gym,ул. Гьорче Петров 8М (Пазар Илинден),42.71069717,23.29112625
West Site,"ул. ""Генерал Скобелев"" 66",43.21338654,27.92156219
White room,"ул. Гьорче Петров, бл306",42.7088538,23.2894686
Wok and Load,ул. Загреб 1,42.14909309,24.74894295
Wok to Walk (Paradise),бул. Черни връх 100,42.65775701,23.31503262
Wok to Walk,"бул. ""Витоша"" No 8",42.6942482,23.32044983
Wok to Walk (Витоша),"бул. ""Витоша"" No 8",42.6942482,23.32044983
Yakub Delicious (Plaza),"ул. Д-р Георги Странски 3, Plaza Mall",42.14521347,24.78124979
Yakub Delicious (Марица),ул. Марица 95,42.1556397,24.7480871
Yakub Delicious,ул. Победа 40,42.158659,24.738268
Yati Cooking,ул. Неофит Рилски 10,42.69083296,23.31553372
Yoko sushi,"ж.к. Младост 2, бул. Александър Малинов 75",42.63809586,23.37208748
Yoko sushi (Хаджи Димитър),ж.к. Хаджи Димитър ул. Макгахан 81,42.70722053,23.35133395
Yourush Pizza,ул. Стефан Стамболов 13,42.49839278,27.47207437
Yowo Bar & Dinner,бул. Братя Бъкстон 83,42.65815182,23.27273548
Yummy Kitchen,ул. Васил Левски 14,42.49853691,27.46992315
Zafo,ул. Цар Асен 2,42.69488448,23.31950893
Zeko,ул. Пирински проход 36,42.67334234,23.28788083
Zippy's Sandwich Shop,ул. Тодор Влайков 22,43.20748081,27.8949818
Авитохол Кетъринг,ул. Иван Чушков 4,42.70266322,23.37468725
Агарта,"ул. ""Ангел Кънчев"" 32",42.68915558,23.32148552
Азиатски ресторант Пекин,"бул. ""Съборни"" 22",43.20777893,27.91226006
Аз и Ти,ул. Асти 10,43.07950211,25.60808182
Азия китайски ресторант (II),ул. Гладстон  60,42.1424408,24.74287224
Аламинут,ул.Търговска 56,43.14038977,24.71821107
Ам-Ам Грил,ул. Цар Освободител 164,43.2342443,27.8729202
Арест,ул. Приморски 5,43.19772846,27.9164663
Арт кулинария Благост,ул. Стефан Караджа 11,42.691784,23.3265658
Бабино село (Манастирски Ливади),Бул. Тодор Каблешков 72,42.66388502,23.28989466
Бай Дюнер,бул. Стефан Стамболов 2,42.69856224,23.31606209
Байовата къща,ул. Ворино 1,42.67838564,23.28688662
Балканска скара (Иван Вазов),"ул. Петко Ю. Тодоров, пазар Иван Вазов на входа",42.6766801,23.3034503
Балканска скара,"ул. Филип Аврамов (където се пресича с ул. ""Свето преображение"" )",42.64083024,23.38174601
Баничките при Янка,ул. Трети Март 68,43.40515885,23.22399459
Бар Шоколад,бул. Стефан Стамболов 52,42.5007716,27.4706778
Бат' Миро (Corporate),ул. Академик Борис Стефанов 6,42.6518265,23.342449
Бат' Миро,"Студентски град, блок 58, вход В",42.64435209,23.34158421
БеГе,"бул. България 1, подлез Галерия",42.6826919,23.3210957
Бели Нощи,Ъгъла на ул. Ивайло и ул. Кавала,42.50221728,27.46258
Био Свят,ул. Иван Мендиликов 1,43.4197424,24.6135874
Бира Бар Ключето,ул Русе 27А,43.2035214,27.90979935
Бирария 43,ул. Пиротска 43,42.70033633,23.31473038
Бирария RagnaRock,ж.к. Стрелбище ул. Дедеагач 26,42.67704397,23.30137695
Бирария Roger's,ул. Никола Палаузов 5,43.8500305,25.949125
Бирария Пилзен,ул. Георги Икономов 55,42.124404,24.72762416
Бирария Прага 18,бул. Прага 18,42.68846512,23.31224442
Бирария Приятели,ж.к. Меден Рудник бл.52,42.455715,27.4193687
Бирария Стамболовъ,бул. Св. Наум 1,42.6784403,23.3220738
Бирария Халбата,бул. Княгиня Мария Луиза 34,43.20650014,27.91564796
Бистро Angel's,ул. Любен Каравелов 26,43.21013478,27.92452308
Бистро F.R.I.E.N.D.S.,"ж.к. Младост 1А, бл.505А",42.65137991,23.38212863
Бистро Венера,к-с Зорница под бл. 48,42.51528549,27.46443939
Бистро Викс,ул. Преображенско въстание до бл. 145В,42.70728741,23.29711438
Бистро Вкусито,ул. Осогово 52,42.7007234,23.3084604
Бистро Гладстон,ул. Гладстон 13,42.14232189,24.74348539
Бистро Джони,"ж.к. Надежда, бул. Ломско шосе 165",42.73456607,23.29348844
Бистро Класико,"кв.Три Чучура Юг, ул.Димитър Драгиев 35",42.417887,25.6053696
Бистро Микс,бул. Панония 62,44.00105733,22.87167487
Бистро Рома,ул. Сердика 2А,42.49652017,27.4695822
Бистро Шлагера,ул. Видин 2,41.94055557,25.54443246
Болярски пици (Варна),ул. Генерал Колев 22,43.20884705,27.91322708
БомБа - (Corporate),"ж.к. Лозенец, ул.Вежен 12А",42.67549804,23.31975877
Бомбай Къри,ул. Професор Атанас Иширков 11,42.64626951,23.34099693
Бургери Наслука,жк. Сторгозия срещу бл.51,43.4187569,24.5943513
Бургерия,"ж.к. Сухата Река, пазар Герена",42.7028493,23.3601945
Бутикова пекарна,ул. Хан Аспарух 119,42.13663082,24.75857919
Българска кухня Дружба,бул. Професор Цветан Лазаров 114,42.65529138,23.3987684
Българска кухня Яна,пл. Митрополит Симеон подлез 2,43.20494007,27.90968096
Бърза Закуска АИКО (Бургас),бул.Янко Комитов 8,42.51409531,27.45259094
Бърза закуска при Мимето,ул. Цанко Дюстабанов 18 Варна,43.22036857,27.90242238
Бързо хранене Апетит,ж.к. Меден Рудник бл.118,42.46535973,27.41749528
Бързо хранене Мераклийски изкушения,ул. Цар Иван Александър 14А,42.14236659,24.74248677
Бързо хранене Миш-Маш,"ж.к Славейков, блок 95",42.52248265,27.45520681
Вежо Бургер,"Левски В, ул. Станислав Доспевски 95",42.70927016,23.38432766
Верди,бул. „България“ 140,42.15984755,24.74142511
Ветрило (Борово),"ж.к. ""Борово"", ул. Солун, с/у блок 43",42.67160416,23.28969574
Ветрило (Младост),"ж.к. ""Младост"" 1 144",42.65721165,23.37455528
Ветрило (Стрелбище),"ж.к. ""Стрелбище, ул.Орехова гора 42А",42.67026901,23.29964638
Вкусна пица,ж.к. Бистрица,42.25213294,23.12836562
Вкусното (Ломско шосе),бул. Ломско шосе 60,42.72788342,23.30135286
ВкусотериЯ,ул. Хаджи Димитър 2,43.08184282,25.63351243
ГАНКА ЗАПЕКАНКА,ж.к. Лозенец ул. Вежен 12А,42.6755031,23.31975848
Голямата уста,На ъгъла на ул. Чаталджа и ул. Байкал,42.48205775,27.4416169
Гостилница York,ул. Одрин 7,42.51124047,27.44944011
Гостилница Благост,"Цариградски комплекс, блок 218А, вход Б",42.64724706,23.40114393
Гостилница при Мария,ул.3019 №1,42.72234857,23.28525782
Гостилница Стария Добрич,ул. Д-р Константин Стоилов 18,43.57166353,27.83047408
Гостилница Фесто,бул. Добруджа 4,43.567766,27.847131
Гостилница чичо Митко,ул. Царевец 6,43.2162891,27.9278611
Грил Бар,ул. Александър Стамболийски 1,43.4070216,24.61517649
Грозд,бул. Цар Освободител 21,42.69197845,23.33631706
Грошъ,ул. Петко Р Славейков 7,41.93139218,25.55136068
Гръцка кухня в Национал,ул. Петко Р. Славейков 21,43.41612393,24.61795744
Гръцки ресторант Oriste,ул. Краище 29,42.67652893,23.30546188
Гръцки ресторант Sirtaki,ул. Околовръстен път 72,42.63873604,23.3186844
Гръцки ресторант Yamas,ул. Дойран 15,42.6773632,23.29016568
Гръцки ресторант Маслината,ул. Резбарска 31,42.711948,23.3593557
Гръцко Бистро Ностимо,ж.к. Банишора ул. Илийчо П. Илиев 16,42.7065773,23.30558205
Давидов Barbeque,ул. Банска 9,41.56538808,23.28137625
Двата лъва,ж.к. Овча Купел ул. Монтевидео 63,42.687907,23.255146
Двете халби,ул. Нишава 3,42.67583258,23.2943954
Дворецът на Драконите,ул. Г.С.Раковски 32,42.70370819,23.32873341
Деликатесен Бутик Блаженство,ул. Хаджи Димитър Асенов 55,42.42056441,25.62574743
Джиков Къщата,ул. Гео Милев 47,42.68320084,23.36326599
Джумаята Арт,ул.Висарион Белински 6,42.65290451,23.34363937
Дивака (6-ти Септември),ул. 6-ти Септември 41А,42.68927383,23.32537651
Дивака (Гладстон),ул. Уилям Гладстон 54,42.6912117,23.32249069
Дивака (Христо Белчев),ул. Христо Белчев 16,42.69299698,23.32118607
ДОБРО (Янко Сакъзов),"ул. ""Янко Сакъзов"" 23А",42.69818115,23.34473419
Домашна кухня от Михаела,ул. Летоструй 54А,42.70694617,23.38009344
Дон Домат (Младост),"ж.к. ""Младост"" 3, бул. ""Ал. Малинов"", до бл. 310",42.64502716,23.37559509
Дракон Експрес (Слънчев бряг),срещу хотел Orange,42.6975603,27.7082681
Дюнер La Scalla,ул. Мармалийска 31,43.07472226,25.6271628
Дюнер Tower,ул.Пенчо Славейков 29,42.1502126,24.7285725
Дюнер Аметист,жк Младост 3 бл.321А,42.64087855,23.3758474
Дюнер (Мусагеница),"ул. Боян Дановски, Пазар Мусагеница",42.66499869,23.36207987
Дюнер Пикант,ул. Васил Левски 161,43.41129291,24.61633927
Дюнер При Таслака,пл. Иван Мендиликов 2,43.4195386,24.61603164
Дюнер (Ситняково),"ул. Сирак Скитник, Пазар Ситняково",42.6846894,23.3533078
Дюнер Шампион,ж.к. Меден Рудник бл.531,42.4517195,27.41882668
Дядовци,ж.к. Овча Купел 2 ул Промишлена 44,42.68835068,23.24937248
Дядо Либен,ул. Съединение 11,42.13961906,24.79634684
Египетски ресторант Cairo (Corporate),ул. Патриарх Евтимий 12,42.14483747,24.7502547
Египетски ресторант Cairo,ул. Патриарх Евтимий 12,42.14483747,24.7502547
Ел Куку,ул. Генерал Хосе дел Сан Марин 7 бл.27,42.68147959,23.36057778
Еш - Беш,ул.Професор Илия Янулов 1а,43.0777362,25.60696225
Жар Експрес,ул. Трети март 35-37,43.40555426,23.22371831
Жива храна,ул. Иван Вазов 28,43.20525407,27.91635905
Закуски чичо Митко,ул. Царевец 10,43.2165255,27.927591
Звездата,ул. Цар Иван Шишман 60,42.42675041,25.62942582
Зеленият кът (Mall Plovdiv),ул. Перущица 8,42.14169786,24.71927216
Зеленият Кът (Райко Даскалов),ул. Райко Даскалов 59,42.15165351,24.74608008
Златна круша,ул. Отец Паисий 30,42.14459378,24.75033306
Златна Рибка,ул. Цaр Симеон | 3,42.49271774,27.48046875
Златна Скара,ул. Александър Стамболийски 6,43.40739417,24.61587542
Златна сръбска скара - при Владо,ул. Никола Петков 63,42.42995743,25.66533555
Златната рибка,ул. Иларион Макариополски 69,42.13714743,24.76127326
И Диен Юан Райска Градина (Corporate),бул.Никола Габровски 100,42.65822983,23.34819412
И Диен Юан Райска Градина,бул.Никола Габровски 100,42.65822983,23.34819412
Изкушение за всеки ден,ул. Георги Раковски 78,42.6989843,23.3296332
Индиана Бар & Грил,ул. Пенчо Славейков 29,42.15023495,24.72857359
Индийски ресторант Ramayana,бул. Драган Цанков 28,42.67192951,23.34907797
Индийски ресторант Taj Mahal (Плевен),ул. Георги С. Раковски 45,43.41213921,24.62272955
Индийски ресторант Taj Mahal,ул. 11-ти Август 11,42.69808197,23.33215714
Индийски ресторант Шафран,Студентски град ул.Франсоа Митеран до бл. 42Б,42.64976501,23.33912849
Испански сандвичи Автентичното,ул. Любен Каравелов 9,42.6882737,23.3315132
Кадифе Bar & Dinner,ул. Търговска 2,43.9871485,22.87646137
Картофчо,ул. Висарион Белински 2Б,42.65364447,23.3434428
Кафана Стефанович,"София, ул. Златовръх 4",42.67399979,23.33408737
Кафе Аперитив Friki,ул. Дръзки 9,42.15169353,24.72900859
Кебапа Па - Па,ул. Пирин,43.2140092,27.91448877
Китайска Луна,ул. Константин Фотинов 27,42.49402618,27.47516441
Китайска стена,"ул. ""Професор Марин Дринов"" 54",43.21099854,27.92075729
Китайска храна,"бул. Захари Стоянов, Кооперативен пазар, пав. 10",42.7159313,23.2499873
Китайски дракон,ул. Ивайло 19,42.69326019,23.31245422
Китайски ресторант Азия (Тракия),ж.к. Тракия 176А,42.12939835,24.78376579
Китайски ресторант Азия,"ул. ""Велико Христов"" 37-39",43.20900345,27.90783119
Китайски ресторант Бамбук,ул. Велико Търново 5,43.84917137,25.94932348
Китайски ресторант Възраждане,пл. Възраждане 3,42.69717051,23.31463477
Китайски ресторант Герджика,ул. Победа 1,42.15466,24.7382112
Китайски Ресторант Диамант,ул. Христо Г. Данов 24,42.1483719,24.74508
Китайски ресторант Динг Тай,кв. Лозенец ул. Люботрън 40,42.66925812,23.31834793
Китайски ресторант Дракон (Пловдив),ул. Славееви гори 21Б,42.12348304,24.73246744
Китайски ресторант Дракон,ул. Отец Паисий 20,41.931751,25.55566625
Китайски ресторант Елегант,ул. Капитан Райчо Николов 52,42.14182787,24.75423901
Китайски ресторант Житомир,пл. Жеравица 1,43.40875078,23.22766334
Китайски ресторант Златен дракон 1,ул. Петко Тодоров 68,43.21725464,27.90132713
Китайски ресторант Златен дракон 2,ул. Петко Тодоров 68,43.21725464,27.90132713
Китайски ресторант Ий Шин Йоан,бул. Ломско шосе 121,42.73048441,23.29798289
Китайски ресторант Къщата на Ян,ж.к. Студентски град до бл 7 бул. Климент Охридски 12,42.65046692,23.35792542
Китайски ресторант Ло Уай Ло,ул.Русе 31,43.41217804,24.62535095
Китайски ресторант Магнолия,бул.Христо Ботев 3,42.68987656,23.31378746
Китайски ресторант Реверанс,кв. Изгрев бл. 144,42.5266366,27.4625393
Китайски ресторант Фаншан,ул.Струма 2,42.70193481,23.32357597
Китайски ресторант Хон Фу Рол,ул. Кольо Ганчев 40,42.42333222,25.63373213
Китайски ресторант Хуа Лонг,ж.к. Зорница бл. 45,42.51452453,27.4683501
Китайски ресторант (Черковна),ул. Черковна 27,42.6962471,23.35203743
Китайски ресторант Чжоу,ул. Васил Друмев 3,43.21050644,27.92398071
Китайски ресторант Шан Хай,бул. Цар Борис III Обединител 33,42.15992355,24.74908066
Китайски ресторант Шанхай (Стара Загора),ул. Света Троица 81,42.42397716,25.62028808
Китайски ресторант Шанхай,ул. Орион 3,42.7174345,23.2779938
Китайски ресторант Язия,ул. Хаджи Димитър Асенов 70,42.42452621,25.62482834
Китайски ресторант Ям Цун Юан,ул.Туше Делииванов 11,42.6687077,23.3967735
Китайски Син Юн Гъ,ул. Тодорини кукли №47,42.704573,23.366762
Клас Пиле Food&Donner,ул.Съборни 52,43.20549393,27.90773582
Клас Пиле-Pizza,ул.Съборни 52,43.20549393,27.90773582
Клуб на Докера,"бул. Приморски 27 , Пристанищен комплекс",43.19751382,27.9196952
Клуб на Майстора,ул.Владайско въстание 2,42.60019994,23.10809062
Козяк,ул. Козяк 21А,42.66249887,23.31379212
Коми Бургер,"ул. Русалски лък 1, пазар Герена",42.70282908,23.36076747
Компанията,ул. Оборище 109,42.69348538,23.3525239
Кохинор Индийски Ресторант,бул. Гоце Делчев 67,42.67415391,23.29163197
Кралският бургер,ул. Неофит Рилски 17,42.15607206,24.74388349
Кралският сандвич,бул. Черни връх 39,42.66746305,23.31878213
Крамер,ул. Марин Дринов 66,43.2119369,27.92198656
Крафт Бирария Пивоварната,ул. Хан Крум 6,42.49182775,27.4724147
Кривото (НДК),площад България 1 (подлеза на НДК),42.68627167,23.32228851
Крилце или кълка,ул. Антим I-ви 10,42.49198412,27.47652573
Кулинарна къща Зад Ъгъла,кв. Белите брези ул. Нишава 38,42.67827606,23.29098511
Кухнята на ХанЪ,ул. Матей Преображенски 36,42.1385151,24.7851353
Куцото Пиле (Corporate),ул. Роза 26,43.2233795,27.914491
Куцото пиле,ул. Роза 26,43.2233795,27.914491
Куцото пиле (Център),ул. Роза 26,43.2233795,27.914491
Къщата на жарта,ул. Старозагорско въстание 26-28,42.41153325,25.59137224
Къщата на жарта,ул. „Старозагорско въстание“ 26-28,42.411807,25.590898
Кюфтетата на Исо,ул. Васил Априлов 35,42.1413769,24.73353564
Лесковацка Скара при Бракята (Борис Стефанов),ул. 8-декември номер 44,42.651472,23.342776
Лесковацка Скара при Бракята (Йордан Йосифов),Йордан Йосифов 3,42.65379093,23.3458413
Лесковацка Скара при Бракята,ул.Професор Архитект Храбър Попов срещу бл. 58,42.64466201,23.34085364
Макао (Владислав),бул. Владислав Варненчик 158,43.21557376,27.89733656
Макао (Двете кули),бул. Владислав Варненчик 256,43.22184903,27.87587688
Манджера,ул. Света Ирина 5,43.22048578,27.92759065
МАСИС - Grill & Burgers,ж.к. Люлин 4 бул. Захари Стоянов 1805,42.71622587,23.25095182
Мекица и Кафе (Пловдив),ул. Княз Александър I-ви 1,42.147262,24.747698
Мекица и Кафе,ул.Граф Игнатиев 28,42.69083023,23.32546043
Мелнишка скара при Марто,"бул. ""Патриарх Евтимий"" 22",42.68855667,23.32552147
Механа Българи,ул. Генерал Столетов 129,42.42918248,25.63134154
Механа Воденицата,улица Крали Марко 3,43.42417407,24.59799677
Механа Дойранъ,бул. Ген. Стефан Тошев 19,42.67160416,23.28309441
Механа Каручката,ул. Петър Парчевич 46,42.42473901,25.63184359
Механа Кошарите,ул. Загорка 35,42.41188425,25.59307824
Механа Къщата,ул. 8-ми Ноември 9,43.19859314,27.91798973
Механа Нашенци,улица Незабравка 1,42.67817695,23.3544253
Механа Одаята,бул. 8-ми Приморски полк 128а,43.215603,27.9296067
Механа Олтения,ул. Ломска 83А,43.78237214,23.70800162
Механа Орехчето,бул. Ген. Стефан Тошев 19,42.67160416,23.28309441
Механа Петлето,ул. Народни будители 24,43.0721832,25.6119021
Механа Приятели,ж.к. Младост 1 ул. Димитър Молов 8,42.664935,23.3708372
Механа Роден Край,ул.Атанас Манчев 18,42.6491259,23.3438232
Механа Хъшове,бул. Васил Левски 35,43.219324,27.9360363
Механа Чановете,"София, ул. Кирил Дрангов 81",42.72784205,23.30039397
Механа Чановете (Стара Загора),ул. Поп Минчо Кънчев 137,42.42669,25.62139
Механа Чифлика,ул.Отец Паисий 2,43.84568756,25.94873339
Механа Шлагера,ул. Булаир 3,41.93509014,25.55867204
Мечките,ж.к. Гео Милев ул. Лидице 31,42.68001815,23.36311948
Мечока Бен,Градски парк Свети Георги бул. 3-ти март 7,43.56378174,27.82744789
Мимас (бул. Васил Левски),"бул. ""Васил Левски"" 68",42.68819,23.32901328
Мимас (Халите),Централни Хали ет.1,42.69985199,23.32202721
Мис Каприз (Арсеналски),бул. Арсеналски 81,42.67429733,23.31313324
Мис Каприз (Стамболийски - Corporate),"бул. ""Ал. Стамболийски"" 72",42.69855118,23.31087875
Мис Каприз (Стамболийски),бул. Александър Стамболийски 72,42.69855118,23.31087875
Мръвката & The Butcher,бул. 6-ти септември 184,42.1518306,24.755534
Мръвката на жар,бул. Христо Ботев 130,42.13603601,24.75991059
Музите,"ж.к. Надежда, ул. Република, м/у бл. 39 и бл. 40",42.72551727,23.30580521
Мурафети,ж.к. Лозенец ул. Страцин 4,42.66350555,23.31656837
Мусака бар,ж.к. Изток ул. Николай Хайтов 1,42.67082337,23.35295882
Мън Фу Юен,"кв, Манастирски Ливади ул. Пирин 89",42.66359329,23.28525925
На баба ти гаштите,бул. Янко Комитов 16А,42.516814,27.4462
Наше село,бул. Акад. Иван Гешов 15,42.68296051,23.30203819
Небесен Дракон,"ул. ""Ивайло"" 19",42.69332504,23.31430817
Небесна храна,"ул. ""Доктор Пискюлиев "" 4",43.20524597,27.90686035
Нишка скара Гурман Ниш,бул. Александър Стамболийски 33,42.69709646,23.31790723
Океан,ул.Васил Априлов 7,42.49520874,27.47128868
Оригинална Китайска храна,бул. Петко Ю. Тодоров 27-28,42.67652804,23.30350168
Оризовото кралство,"ж.к..Лозенец , ул.Вежен 12А",42.6754951,23.31967161
Осман Баба дюнер,ул. Фредерик Шопен 4,43.20366605,27.91319801
Осман Баба катми,ул. Русе 5,43.20330263,27.91224716
О! Шипка,ул. Шипка 11,42.69354096,23.34036496
О!Шипка,ул. Шипка 11,42.69354096,23.34036496
Падуа,ул. Мюнхен 12,42.660122,23.411038
Палачинка (Мусагеница),"ул. Боян Дановски, пазар Мусагеница",42.6649934,23.3620051
Палачинкарница Тиган,ул. Абаджийска 2,42.1484388,24.74914793
Палачинки Pantastic (Mall Galleria),"ул. Янко Комитов 6, Мол Галерия ет.2",42.51241023,27.45437298
Палачинки Pantastic (Арсеналски - Corporate),бул. Арсеналски 2 ет. 2,42.6788559,23.32068062
Палачинки Pantastic (Арсеналски - ISGBG),бул. Арсеналски 2 ет. 2,42.6788559,23.32068062
Палачинки Pantastic (Арсеналски),бул. Арсеналски 2 ет. 2,42.6785719,23.3202869
Палачинки Pantastic (Кетъринг),бул. Цариградско шосе 115,42.66057205,23.38313675
Палачинки Pantastic (Тhe Mall),бул. Цариградско шосе 115 (Тhe Mall),42.6605187,23.3827034
Палачинки Pantastic (Център),ул. Цар Симеон I  131,42.50224236,27.47093215
Палачинки Ву,бул Ломско шосе 167,42.73489961,23.29329469
Папагала Pizza Bar & Grill,ул. Асти 10,43.07965795,25.60777709
Папараци Бар & Грил,ул. Райко Даскалов 8,42.02147675,23.10009384
Парадайз 87,ул. Гривишко шосе 6,43.41772217,24.6472087
Пекарна Граф,ул. Граф Игнатиев 13,42.69301469,23.32389322
Пекарна Краси,ул. Топра Хисар 1,43.21603888,27.91639155
Пекинска кухня,бул. България 29В,43.0801075,25.61460659
Петлето (Лозенец),Лозенец ул. Страцин 9,42.66323471,23.31585121
Петлето (Център),ул. Неофит Рилски 44,42.6900177,23.32093048
Пиле на грил Royal Chicken,ул. Васил Левски 26,43.56886836,27.82214766
Пиле на Грил КоКо,бул. Варненчик 70,43.210931,27.908236
Пиле на грил ЯМ-ЯМ,ул. Дрин 16,43.21081297,27.90811234
Пица Венеция,ул. Широка Търговски Център магазин 1,43.99544761,22.87029555
Пица Замъка,Парк Изгрев,42.5245348,27.45934096
"Пица и Дюнер ""Али Баба""","ул. 25-ти Септември, ЦГЧ А1",43.57099005,27.82869937
Пица Италия,бул. Скобелев 46,42.6915658,23.3115097
Пица Лъчони (Дружба),Дружба 2 бл. 287,42.64775848,23.40280342
Пица Лъчони (Кетъринг),Дружба 2 бл. 287,42.64775848,23.40280342
Пица Лъчони,Младост 2 до бл. 202,42.63773727,23.36912537
Пица Лъчони (Света Троица),ж.к. Света Троица до бл.354,42.71181741,23.29510063
Пица Лъчони (Хаджи Димитър),"Хаджи Димитър, до блок 69",42.70963669,23.36249924
Пица Пацо,ул. Христо Силянов 49А,42.73308529,23.29926295
Пица - Ресторант Монтерей,"ж.к. Дървеница, ул. Белимел 24",42.6521571,23.3609762
Пица - ресторант СИЦИЛИЯ,"ж.к. Маладост 4, бл. 432",42.63251877,23.37956619
Пицария Arsis,ул. Търговска 22,43.13436575,24.71749619
Пицария Don Vito (Corporate),ул. Цар Иван Асен 38,42.68940353,23.34281731
Пицария Don Vito,ул. Цар Иван Асен 38,42.68940353,23.34281731
Пицария Lappetto,"ж.к. Младост , до блок 301",43.13448665,24.7006542
Пицария Mamma Mia (Шишман), ул. Цар Иван Шишман 39,42.68955994,23.3278904
Пицария Marini,ж.к. Добротица бл.46,43.5515976,27.82539558
Пицария Palace,бул. Алеко Богориди 34,42.493927,27.47613907
Пицария Quattro Stagioni (Corporate),"ул. ""Фредерик Жолио Кюри"" 18А",42.6721611,23.35185432
Пицария Quattro Stagioni - (Taulia - Corporate),"ул. ""Фредерик Жолио Кюри"" 18А",42.6721611,23.35185432
Пицария Quattro Stagioni,"ул. ""Фредерик Жолио Кюри"" 18А",42.6721611,23.35185432
Пицария The Jungle,"ж.к. “Надежда” 4, с/у бл. 418",42.73392487,23.30398178
Пицария Акварел,ул. Генерал Георги Попов 34,43.2240934,27.918815
Пицария Верона (Надежда),"ж.к. ""Надежда"" 2, до бл. 266",42.72934341,23.30272675
Пицария Вкусна пица,ул. Константин Иречек 3,42.8714748,25.3183743
Пицария Джиков (1),"ул. ""Гео Милев"", бл. 28",42.68363571,23.36060715
Пицария Джиков (2),бул. Вардар бл. 65,42.70100587,23.28568527
Пицария Джиков (Corporate),"ул. ""Гео Милев"", бл. 28",42.68363571,23.36060715
Пицария Джуниър,бул. България 20,43.40377833,24.63869868
Пицария Доналд,пл. Преображение 1,42.70885797,23.28756497
Пицария Кали,"бул. ""Христо Ботев"" 8",42.69058609,23.31451607
Пицария Капри,"ж.к. Надежна 1, булевард Ломско Шосе 119-121",42.73051834,23.29800034
Пицария Каруцата,ул. Йордан Иванов до бл. 516а,42.68756996,23.26022116
Пицария малките мечета,ул. Княз Борис I 122,42.69636529,23.31882688
Пицария Ниагара (Дружба - Corporate),ж.к. Дружба 2 ул. Обиколна до Практикер,42.64210892,23.40757561
Пицария Ниагара (Дружба),ж.к. Дружба 2 ул. Обиколна до Практикер,42.64210892,23.40757561
Пицария Ниагара (Цар Симеон - ISGBG-Corporate),ул. Цар Симеон 140,42.70240021,23.31604958
Пицария Ниагара (Цар Симеон),ул. Цар Симеон 140,42.70240021,23.31604958
Пицария Парчето,ул. Христо Ботев 3,42.2610275,23.12171
Пицария Прадо,"ж.к. Лозенец, площад ""Велчова завера"" 3 /срещу Семинарията/",42.67598724,23.3335495
Пицария Рома,ул. Църковна независимост 16,43.85212596,25.95147058
Пицария Сезони,ул. Никола Габровски 30,43.07556631,25.62202524
Пицария Уникато,бул.Никола Габровски 29 /на кръстовището до Пожарната/,43.07518387,25.62131119
Пицата на Скобелев,Бул. Скобелев 36,42.69069077,23.31270003
Пиците,бул.Захари Стоянов 1,42.71622616,23.25020538
Попай,ул. Тутракан 3,42.4942018,27.4725747
Поръчкови торти Пикадили,ул. Александровска 75,43.85095478,25.95530212
ПОСТА,ул. Екзарх Йосиф 36,42.70023191,23.32685719
При Адаша,"ж.к. Дружба 1, блок 92",42.66960341,23.38716756
При Златко,ул. Хан Крум 9,42.14233959,24.7992215
При майстор Миро,пл. Пенчо Славейков 14,43.0850549,25.6334502
При НАЗ,ул. Ниш 1,43.07550573,25.6150167
При Пачо,ул. Стамат Икономов 11,42.12750981,24.74043687
При Серго,ул. Васил Коларов 12,43.77573471,23.7306948
Прованс,"кв. Надежда, ул. Царевец, до блок 302",42.73125878,23.28983485
Прясна паста (Тракия),ж.к. Тракия блок 171,42.1305188,24.7820713
Прясна паста,ул. Опълченска 13,42.15009258,24.7451283
Райска хапка,бул. Александър Стамболийски 113,42.12429938,24.72266738
Ред Хот,"ул. ""Студентска"" 1",43.22247314,27.9374218
Ресторант 19 ВЕК,ул. Цар Калоян 1,42.14981808,24.74164064
Ресторант Botanika,ул. Акад. Петър Динеков 10,42.64024725,23.30965046
Ресторант Carnivale,бул. Витоша 190,42.675831,23.3088884
Ресторант Casablanca,ул. Благой Гебрев 70,42.60299431,23.11275216
Ресторант Central (Пловдив)﻿,ул. Найден Геров 5,42.145811,24.7482906
Ресторант Central,ул.Академик Атанас Иширков 10,43.13783505,24.71835583
Ресторант Corona,ул. Бъкстон 5,43.40924779,24.6195529
Ресторант Dea di Roma,ул. Пейо Яворов 8,42.19251525,24.33255506
Ресторант Delgado,ж.к. 1 блок 10,43.7824418,23.7218966
Ресторант Downtown,бул. Васил Левски 27,42.6869893,23.32476594
Ресторант Ethno,ул. Независимост 3,43.08436966,25.63497925
Ресторант Fancy,"ул. Перущица 8, ет. 2",42.14194611,24.71941578
Ресторант Fiore,ул. Цанко Церковски 18,43.41105256,24.61704265
Ресторант Fratelli (Сливница),Ул.Константин Величков 55,43.21627715,27.90357832
Ресторант Fratelli (Чайка),"кв. ""Чайка"", бл. №34",43.21719742,27.94136047
Ресторант Heyday,кв. Лозенец бул. Христо Смирненски и бул. Свети Наум,42.6764128,23.3334164
Ресторант Imperial,бул. Липник 88,43.85121044,25.98920311
Ресторант India,ул. Петко Каравелов 34,42.15209961,24.74543953
Ресторант Japonica,бул. Пещерско шосе 82,42.13402319,24.70949491
Ресторант Life,Градски парк Свети Георги,43.56436508,27.82935852
Ресторант Petru's,ж.к. Лозенец ул. Свети Наум 48,42.677779,23.329108
Ресторант Piacere,ул. Отец Паисий 4,42.1474069,24.7483759
Ресторант Ring,Язовир Огоста,43.38927441,23.21684745
Ресторант Rose,бул. България 132,42.65530014,23.28045273
Ресторант Silhouette,ул. Драгалевска 1,42.670755,23.3213165
Ресторант Sofra,парк Изгрев,42.52453441,27.46228812
Ресторант Stiv,ул. Александър Стамболийски 12,43.40602399,23.22337082
Ресторант Tempero,ул. Голо бърдо 2,42.67018796,23.31509467
Ресторант Toscana,ул. Гладстон 3,43.84764052,25.95297871
Ресторант Victoria (Corporate - Plovdiv),"ул. Капитан Райчо 2, Хотел Тримонциум",42.141162,24.75128
Ресторант Villa Park,бул. Арсеналски 4Б,42.67543411,23.31392479
Ресторант Адмирал,ул. Св. Власий 62,42.7132021,27.7510911
Ресторант Адонис,ул. Антим I 32,42.494133,27.47558212
Ресторант АИКО (Бургас),бул.Янко Комитов 8,42.51447491,27.45357799
Ресторант АИКО (Варна),бул. Владислав Варненчик 277А,43.22160415,27.872209
Ресторант АИКО (Стара Загора),бул. Патриарх Евтимий 50,42.4131147,25.63904345
Ресторант Аквая,ул. Любен Каравелов 40,43.07775425,25.62629418
Ресторант Аугуста,"Язовир Огоста, Язовирна стена, до ресторант Ринг",43.38910755,23.21592641
Ресторант-бар Corner,пл. Свобода 1,42.26513676,23.11837363
Ресторант Бордо,ул.Мърфи 9,42.6957188,23.3481034
Ресторант Бриз,ул. Христо Ботев 57,43.7822664,23.7219743
Ресторант Будапеща,ул. Васил Левски 192,43.41060334,24.61645246
Ресторант Българань,ул.Мърфи 9,42.69540787,23.34803963
Ресторант Вион,ул. Софийско поле 1-3,42.65282834,23.36135521
Ресторант В къщи,ул. Мария Габровска 2,43.07682692,25.61024129
Ресторант Върбата,ул. Илия Бешков 1,42.66527111,23.40661443
Ресторант Гергана,"Младост 4, ул.406 - 14",42.62979823,23.38080897
Ресторант Гребеца,"ул. Ясна поляна 1, гребна база",42.14588733,24.71420044
Ресторант Двете сърнета,парк Кайлъка,43.3840346,24.628208
Ресторант Диамант,ул. Цар Симеон Велики 59,42.42266253,25.6165461
Ресторант ДОБРО (Парчевич),ул. Парчевич 33,42.69106674,23.31855392
Ресторант Домът,ул. Братя Шкорпил 26,43.20598913,27.91150823
Ресторант Драката,пл. Тодор Кирков 36,43.1318443,24.7171969
Ресторант Дунав,ул. Христо Ботев 1,43.7770393,23.7291784
Ресторант ЕОС,бул. Панония 64,44.00132017,22.87241944
Ресторант Жорела,ул.Чипровци 31,43.84590912,25.97535706
Ресторант Златен Дракон,ул. Любен Каравелов 4,43.77675507,23.73583851
Ресторант Интерленд,ул. Коломан 6,42.68002066,23.27283299
Ресторант Комфорт,ул. Найден Геров 6,42.68450329,23.30021482
Ресторант Кооп Клуб,ул. Г.С.Раковски 99,42.6993995,23.3298882
Ресторант Меню,бул. Христо Смирненски 25,43.22618026,27.8976344
Ресторант Мерси,"Меден Рудник, Бивш Битов Комбинат до бл.14",42.46493265,27.41849383
Ресторант Микона (Corporate),бул. Цариградско шосе 53,42.1488464,24.775844
Ресторант Микона,ул. Цариградско шосе 53,42.1546266,24.7952943
Ресторант Мистрал (Слънчев бряг),ул. Хран Крум (срещу пощата),42.662647,27.7191063
Ресторант Мистрал,ул.Фердинандова 43,42.49287796,27.46790695
Ресторант На Върха,ул. Обзор 71,42.66734767,23.21909224
Ресторант На-Ти,Стадион 7,42.12988153,24.76419353
Ресторант Нашенци,бул. Митрополит Методи Кусев 9,42.42288012,25.62679867
Ресторант Ниагара (Capital Fort-Corporate),ж.к. Дружба 2 ул. Обиколна до Практикер,42.64210892,23.40757561
Ресторант Ниагара (Taulia-Corporate),ж.к. Дружба 2 ул. Обиколна до Практикер,42.64210892,23.40757561
Ресторант Ниагара (Дойран),ул. Дойран 2,42.6786665,23.2910258
Ресторант Оазис,ул. Могилите 2,42.7108982,23.3759193
Ресторант Одрин,"бул. България, покрит пазар",41.930568,25.55643209
Ресторант Орфеида,ул Хан Аспарух 50,42.4448608,25.63493969
Ресторант Павлович,ул. Екзахр Стефан 15А,42.72613891,23.30475712
Ресторант Пепино,ул. Суходолска 2,42.70171676,23.28395971
Ресторант Пета База,бул. Д-р Петър Дертлиев 129,42.71376638,23.23710613
Ресторант Пещерата,Парк Кайлъка,43.38426093,24.63175397
Ресторант-Пицария Бавария,бул. Христо Ботев 48,43.41079719,24.62627061
Ресторант-пицария Ладога,"ж.к. Борово, ул. Ладога 5",42.67040804,23.27877141
Ресторант - пицария Прадо (Младост),"ж.к. ""Младост"" 1, бул. ""Андрей Сахаров"" (зад блок 64)",42.65241241,23.3744297
Ресторант - Пицария Шумен,бул. „Плиска“ 1,43.2720744,26.9386945
Ресторант Плаза,"ул. Цар Борис III , 3",43.40732038,23.22618506
Ресторант Понти,ул. Христо Ботев 73,43.99758667,22.87440423
Ресторант При Миро,ул. „Вела Пеева“ 16,43.99712599,22.88098669
Ресторант Радилон,ул. Захари Стоянов 34,43.8492442,25.9811148
Ресторант Рай,ул. Христо Силянов 152,42.72654268,23.28880482
Ресторант Ривиера,ул. Баба Вида 17,43.98864025,22.88318027
Ресторант Свети Никола,ж.к Люлин 8 бл 805 вх П,42.71979172,23.26044069
Ресторант Сердика,ул. Вашингтон 9,42.69957999,23.32093605
Ресторант Сингър,ул. Цар Симеон 88,42.13318868,24.80017394
Ресторант Сплендид,ул. Охрид 8,43.57014847,27.83234215
Ресторант Теодорос,ж.к. Сторгозия к-с Теодорос,43.4233388,24.5980007
Ресторант Тифани,бул. Цар Симеон Велики 1,42.42006962,25.60911406
Ресторант Фиеста,ул. Пере Тошев 26,42.12440976,24.74762309
Ресторант Финикия,ул. Витошка зорница 3,42.63934593,23.31296458
Ресторант Форум,ул. Хаджи Димитър Асенов 94,42.42758409,25.62384677
Ресторант Хистори,"м-т Кенана, хотел Хистори",41.94445,25.5405071
Ресторант Чехов 51,Ул.Чехов 51,42.66943359,23.36066437
Ресторант Шараните,"кв. Обеля, ул.3 - 7а",42.74214399,23.26353025
Ресторант Щастливци под тепето,ул.Митрополит Паисий 6,42.14739884,24.75042835
Ресторантъ Табиетъ,ул. Майор Таньо Кавалджиев 147,42.42733052,25.61859282
Рибарница Наслука,"ж.к. Сторгозия , срещу блок 51",43.41822,24.596891
Рибарницата,бул.Демокрация 94 (на ъгъла с Гурко),42.50141607,27.47679457
Рибен бар Орфей,"бул. Тодор Каблешков, лятно кино Орфей",42.14518008,24.74602448
Рибен Магазин Булфиш,ул. Сердика 20,42.70004702,23.32454939
Рибен Ресторант Делфинчето,"Студентски град, ул. Проф. Кирил Попов 52 срещу бл. 55 вх. А",42.64445114,23.33684158
Рибен ресторант Капани,"Бургас, Морска градина",42.5084684,27.4838334
Рибен Ресторант Наслука,м. Мъртва долина,43.3949224,24.6049013
Рибен ресторант Посейдон,ул. Булаир 3,41.9359576,25.5585055
Рицаря Pizza & Grill,ул. Якубица 19,42.67042541,23.32871066
Родопска къща (Corporate),Студентски град блок 21 до Барбекю,42.65200806,23.34438705
Родопска къща,Студентски град блок 21 до Барбекю,42.65200806,23.34438705
Родопски катми,ул. Дойран 28,42.67442574,23.2869017
Салабашевата къща,"бул. ""Цар Симеон Велики"" 134",42.42550278,25.63536835
Сандвич Батка,ул. Васил Левски 18,42.49849085,27.46883707
Сезам Дюнер и Пиле на грил,ул. Стефан Стамболов 88,42.50314388,27.46992376
Сезам Пица,ул. Стефан Стамболов 88,42.50320568,27.46992099
Селска пръчка,ул. Васил Левски 18,42.49849085,27.46883707
Синята къща,ул. Петко Р. Славейков 60,42.42484336,25.63672039
"Скара, бира и вино",бул. Патриарх Евтимий 22,42.6885689,23.3255047
Скара Жар,Женски пазар сграда 11 павилион 2,42.70274443,23.31981406
Скара на дървени въглища,"ж.к. Сухата Река, пазар Герена",42.7029231,23.3604304
Скара на дървени въглища шеф Тасев,На ъгъла на Костенски водопад и Нишава,42.66977494,23.30293228
Скара - Перник,ул. Овар 1,42.60590513,23.1152471
Славянска беседа,ул. Славянска 3,42.69352341,23.32906914
Сладка къща Фъстък,бул. Гоце Делчев 3,42.67803903,23.28612158
Сладкарница Daisy Оазис 4,ул. Македония 107,42.11678042,24.73609308
Сладкарница Gunesh Sarai,бул. Александър Стамболийски 128,42.69967342,23.30342778
Сладкарница Molle,ул. Павел Куртевич 6А,42.14886047,24.74924281
Сладкарска Къща Gaby’s Kitchen,бул. Христо Ботев 38,43.41165033,24.62663623
Сладоледена къща Afreddo,ул. Гладстон 2,42.14321147,24.74947344
Сладоледен бар Sherry,ул. Граф Игнатиев 13А,42.6930534,23.3235762
Слънце и Луна Pizza bar,ул. Солунска 33,42.69277147,23.31903006
Слънце и луна Shop,ул. Солунска 33,42.69272628,23.31903395
Снек бар Къщата,ул. Любен Станчев 19,43.55216211,27.82975328
Снек бар При Точев,ул. Дойран 160,43.40697459,24.61679792
Софийска Баница,"ж.к. Младост 1А, бл. 508, вх. А; ж.к. Свобода, до 24-та поликлиника; ж.к. Надежда, бул. Ломско шосе 77",42.64990616,23.38047409
Софистар,бул. Владимир Вазов 89А,42.70894684,23.39729889
Сръбска Скара при Гаваза,ул. Свети Киприян 32,42.64575617,23.36767884
Сръбска скара При кума,ул. Васил Априлов 37,42.1413326,24.7335363
Сръбска скара при Миро (Mall of Sofia),бул. Александър Стамболийски 101,42.6986019,23.3092919
Сръбска скара при Миро,бул. Цариградско шосе 115 З,42.66053664,23.38239194
Сръбска скара при Миро (Сердика Център),бул. Ситняково 48,42.6915147,23.3538327
Сръбски ресторант Пирот,пл. Жеравица 1,43.4096267,23.2245749
Старата Госпожа,ул. Оборище 18,42.6945225,23.3422709
Старецът и морето (Младост 1),ж.к. Младост 1 до бл. 75,42.65277558,23.37133261
Столъ,ул. проф. д-р Иван Странски. бл 59.,42.64301384,23.33936814
Супермаркет Изобилие,бул. Александър Стамболийски 143,42.69904238,23.30493082
Супермаркет Изобилие (Лешникова гора),ул. Лешникова гора 1,42.6337838,23.31011608
Супермаркет Изобилие (Позитано),ул. Позитано 171,42.69986768,23.29430236
Теньова къща,Парк Славейков,42.5179355,27.4556067
Теона Bar & Dinner,ул.княз Александър Батенберг 2,43.07889175,25.60913658
Терасата,ул. Яне Сандански 20,42.14160288,24.73591068
Тилилей,ул. Генерал Колев 74А,43.2142172,27.92037769
Тон Шин Юан,бул. Възкресение 1,42.69428253,23.29210472
Тон Шин Юан (Стамболийски),бул. Александър Стамболийски 166,42.7004814,23.2982591
Топла скара за всички вас,ж.к. Петко Р. Славейков,42.5223682,27.4517266
Торти Ефи - (Corporate),"ж.к. Надежда, ул. Чудомир №9",42.7322295,23.2980753
Торти Ефи,"ж.к. Надежда, ул. Чудомир №9",42.7322295,23.2980753
Торти Нико,бул. Санкт Петербург 135,42.14406138,24.78370059
Торти Сладост,ж.к. Овча Купел бл..609 вх.А,42.68372831,23.26557049
Три Кладенци,бул. Александър Пушкин 122А,42.64923842,23.26586787
Тримата мускетари,ул. Тролейна 12,43.2273613,27.8926268
Трите прасенца,бул. Витоша 81,42.6845738,23.3164896
Трите щерки,бул. Княз Александър Дондуков 60А,42.6989719,23.3384762
Трюфел,ул. Средец 44,42.15678177,24.73952485
Турски ресторант Bosfor,бул. Владимир Вазов 89А,42.7090645,23.3963878
Турски ресторант Konak (Изток),ул. Академик Методи Попов 26,42.67305756,23.34911919
Турски ресторант Ориент,ул.Цариброд 1,43.20045853,27.91545486
Турски ресторант Сарай,бул. Копенхаген 17,42.6506237,23.4052231
Турски ресторант ТМ,ул. Юрий Венелин 34,42.68836975,23.33180237
УГО - Пицарии и ресторанти 2,ул. Неофит Рилски 68,42.6897385,23.3242824
УГО - Пицарии и ресторанти (Capital Fort-Corporate),ж.к. Младост бул. Александър Малинов 45,42.64785767,23.37697983
УГО - Пицарии и ресторанти (Corporate),ж.к. Младост бул. Александър Малинов 45,42.64785767,23.37697983
УГО - Пицарии и ресторанти (ISGBG-Corporate),ж.к. Младост бул. Александър Малинов 45,42.64785767,23.37697983
УГО - Пицарии и ресторанти (Taulia-Corporate),ж.к. Младост бул. Александър Малинов 45,42.64785767,23.37697983
УГО - Пицарии и ресторанти,ж.к. Младост бул. Александър Малинов 45,42.64785767,23.37697983
Фабрика за палачинки,ул. Шейново 80,42.49839027,27.4672668
Флеймс,бул. България 4,42.16121111,24.76169345
Френска Пекарна,ул. Марин Дринов 6,41.93162183,25.55520085
Фреш бар ВИТА,бул. Васил Априлов 9,42.1378316,24.7395471
Фу Ън Юен (Черковна),ул. Черковна 47,42.6946009,23.3518291
Фън И Китайски ресторант,ул. Иван Вазов 94А,42.13563533,24.74134613
Хидропарк Казичене,"Казичане, Индустриална зона",42.65759934,23.45408116
Хляб и мръвка,акад. Борис Стефанов 16,42.64485122,23.34189692
Хоровац Фуудс - Арменска кухня,бул. Христо Ботев 61,42.13611606,24.7497851
Хот-Дог Кен (Булбанк),между ул.Пазарска и ул.Кольо Ганчев,42.42595,25.632761
Хумус Хаус,ул. Христо Ботев 48,43.41096408,24.62638075
Цан Чун Гъ,Ул. Зайчар 177,42.69782544,23.29782717
Цар Картоф,пл. Възраждане 3,42.69746626,23.31356991
Царството на вкусотиите,ул. Поп Грую 27,42.16481,24.737544
Цаца под Липата,бул. Цар Симеон Велики 168,42.4261392,25.6408091
Цукерня Савенко,ул. Георги С. Раковски 59,42.70270564,23.32923834
Червената къща (ул. Борис Христов № 6),"ул. ""Борис Христов"" 6",42.68431091,23.35460663
Червен Дракон,"бул. Цар Борис III , 103",42.67910871,23.2860966
Чифлика,ул. Модър 10,42.12648955,24.71817124
Чушка,ул. Д-р Христо Татарчев 12,42.02079364,23.09835187
Шан Хай (Бургас),ул. Алеко Богориди 61,42.49412198,27.48053005
Шахраяр,"ж.к. Студентски град, срешу блок 54",42.64505076,23.34007662
Щастливеца (Corporate),"бул. ""Витоша"" 27",42.69327164,23.32058144
Щастливеца,"бул. ""Витоша"" 27",42.69327164,23.32058144
Щастливеца (Велико Търново),"ул. ""Стефан Стамболов"" 79",43.08473969,25.63650513
Щастливеца (Сан Стефано),ул. Сан Стефано 24 срещу БНТ,42.6918917,23.3380183
Щастливеца (Стара Загора),ул. Хан Аспарух 30,42.4379637,25.6322783
ЯВ-КА food bar,бул. Цар Симеон I 83,42.4989617,27.4737452
Яж Брато,ул. Васил Левски 18,42.49849085,27.46883707
Ям Ям,ул. Стефан Караджа 18,42.69234085,23.32500839
